customer_id,frequency,avg_amount,duration,event
C00000,21,104.82190476190478,212,0
C00001,33,65.31393939393939,380,0
C00002,17,91.09058823529412,205,1
C00003,5,28.038,57,1
C00004,25,101.3716,270,1
C00005,12,36.406666666666666,130,0
C00006,4,36.95,165,1
C00007,12,78.47666666666667,231,0
C00008,24,44.91291666666667,324,0
C00009,23,84.00217391304348,413,1
C00010,4,75.035,78,1
C00011,22,56.58500000000001,196,1
C00012,30,92.88833333333334,261,0
C00013,45,41.51511111111111,240,0
C00014,9,59.57888888888889,257,1
C00015,7,18.697142857142858,418,0
C00016,20,46.6305,367,0
C00017,11,77.1009090909091,403,0
C00019,44,54.31704545454545,386,0
C00020,29,21.16344827586207,270,0
C00021,9,93.3288888888889,423,0
C00022,5,33.519999999999996,108,1
C00023,18,73.85055555555556,362,0
C00024,9,65.12888888888888,345,0
C00025,2,64.86,42,1
C00026,18,96.72222222222223,165,1
C00027,8,51.6575,243,1
C00028,9,95.07333333333334,270,1
C00029,1,90.12,12,1
C00030,1,78.08,97,1
C00031,51,67.00882352941176,284,0
C00032,23,46.18782608695652,160,0
C00033,39,36.61512820512821,164,0
C00035,44,53.74613636363636,429,0
C00036,6,37.278333333333336,240,0
C00037,5,53.75599999999999,416,0
C00038,50,41.3962,244,0
C00039,49,40.53530612244898,130,0
C00040,19,73.97842105263159,438,1
C00041,44,40.61863636363636,276,0
C00042,2,74.27,28,1
C00043,23,65.04304347826087,151,1
C00044,8,46.36125,412,1
C00045,8,72.1975,123,1
C00046,12,89.30333333333333,351,0
C00047,1,24.61,4,1
C00048,7,66.52428571428571,140,1
C00049,5,41.484,201,0
C00050,7,72.84857142857143,120,1
C00051,22,47.47909090909091,144,0
C00052,3,22.423333333333332,7,1
C00053,14,80.29357142857143,190,0
C00054,5,29.122000000000003,159,0
C00055,20,37.815,111,0
C00056,30,76.92166666666667,163,0
C00057,6,42.574999999999996,170,1
C00058,2,70.31,233,1
C00059,21,36.327619047619045,419,0
C00060,19,96.21631578947368,300,0
C00061,8,48.36625,259,1
C00062,5,79.548,106,1
C00063,17,36.54764705882353,260,1
C00064,19,62.58526315789473,311,0
C00065,22,66.67681818181819,379,0
C00066,52,65.05461538461539,413,0
C00067,50,39.4134,380,0
C00068,5,61.727999999999994,303,1
C00069,66,86.0519696969697,361,0
C00070,11,42.153636363636366,299,0
C00071,37,84.62216216216216,405,0
C00072,56,61.894999999999996,320,1
C00073,8,55.765,317,0
C00074,42,31.991666666666667,345,1
C00075,15,69.07466666666666,162,0
C00076,5,117.49000000000001,389,0
C00077,16,83.61,316,1
C00079,23,62.19434782608696,285,1
C00080,22,105.81863636363636,150,0
C00081,62,44.299677419354836,266,0
C00082,20,72.0445,124,0
C00084,1,66.59,3,1
C00085,2,44.045,165,1
C00086,4,88.5075,118,0
C00087,12,100.00916666666667,231,1
C00089,34,51.1614705882353,172,0
C00090,8,68.14,248,0
C00091,20,47.7055,155,1
C00092,22,89.17863636363637,272,0
C00093,6,26.266666666666666,392,1
C00094,11,93.85181818181819,370,0
C00095,23,32.15652173913043,340,1
C00096,12,56.340833333333336,149,1
C00097,32,34.5615625,137,0
C00099,48,37.34083333333333,310,0
C00100,12,69.19666666666667,411,1
C00101,37,45.12135135135135,377,0
C00102,88,65.7078409090909,133,1
C00103,8,100.49375,55,1
C00104,5,80.366,108,1
C00105,11,56.4,325,0
C00106,40,74.089,402,0
C00107,1,34.13,1,1
C00108,8,19.70875,203,1
C00109,39,49.863076923076925,323,0
C00110,11,22.542727272727273,117,1
C00111,14,57.75357142857143,322,1
C00112,28,73.68785714285715,190,1
C00114,81,38.83703703703704,366,0
C00115,55,54.75545454545455,114,0
C00116,24,80.81333333333333,327,0
C00117,10,60.49300000000001,162,1
C00118,20,54.5125,378,1
C00119,91,48.47362637362638,316,0
C00120,5,11.690000000000001,124,0
C00121,31,45.23516129032258,151,0
C00122,1,19.72,83,1
C00123,7,37.521428571428565,161,1
C00124,44,60.73409090909092,340,0
C00125,4,54.4875,132,1
C00126,10,59.324,161,0
C00127,24,75.03416666666666,205,0
C00128,43,49.53302325581396,331,0
C00129,38,118.83131578947369,340,1
C00130,84,116.8079761904762,346,0
C00131,18,45.226111111111116,252,0
C00132,9,80.92888888888889,280,0
C00133,20,34.5955,138,0
C00134,5,40.762,62,1
C00135,16,60.5675,122,0
C00136,16,69.015625,269,0
C00137,8,34.21125,424,1
C00138,41,48.50292682926829,296,0
C00139,41,88.27048780487806,352,0
C00140,21,34.215714285714284,179,1
C00141,12,30.3575,381,1
C00142,8,61.81875,175,0
C00143,3,60.666666666666664,114,1
C00144,19,59.04157894736842,154,0
C00145,3,15.159999999999998,171,0
C00146,32,26.576875,243,0
C00147,130,46.12953846153846,393,0
C00148,105,60.40209523809524,137,0
C00149,53,92.8145283018868,217,0
C00150,33,46.07333333333334,153,0
C00151,21,55.63571428571428,395,1
C00152,9,40.11555555555556,428,1
C00153,8,30.7125,234,1
C00154,10,65.512,278,1
C00155,4,15.620000000000001,102,1
C00156,33,34.71909090909091,319,1
C00157,10,162.897,392,0
C00158,233,80.63742489270386,230,0
C00159,54,58.61388888888889,225,0
C00160,61,58.466393442622945,342,0
C00161,4,36.765,335,1
C00162,43,68.51046511627906,307,0
C00163,1,84.51,4,1
C00164,23,55.203478260869566,427,0
C00165,2,169.925,12,1
C00166,27,67.68148148148148,334,0
C00167,37,42.5545945945946,416,0
C00168,20,38.538,343,0
C00169,126,33.367063492063494,281,0
C00170,9,54.55111111111111,224,1
C00171,59,26.04118644067797,424,0
C00172,87,33.96252873563218,269,0
C00173,3,33.123333333333335,100,1
C00174,132,56.66219696969697,342,0
C00175,14,43.67285714285714,259,1
C00177,8,85.165,396,1
C00178,12,42.236666666666665,139,1
C00179,13,142.8830769230769,377,0
C00180,19,15.820526315789472,404,0
C00181,25,69.02680000000001,222,0
C00182,7,50.38,210,0
C00183,10,9.106,120,1
C00184,11,57.22818181818182,101,1
C00185,48,70.29916666666666,296,0
C00186,10,50.187,162,1
C00187,14,66.61214285714286,65,1
C00188,21,103.92714285714285,239,0
C00189,35,50.33114285714286,329,0
C00190,89,49.153258426966296,161,1
C00191,2,40.455,52,1
C00192,8,49.02875,333,1
C00193,60,62.088166666666666,235,0
C00194,6,102.78000000000002,100,1
C00195,25,72.2288,162,0
C00196,26,55.49692307692308,281,0
C00197,4,33.817499999999995,327,0
C00198,28,46.56,269,0
C00199,14,80.7942857142857,288,1
C00200,14,56.665000000000006,339,1
C00201,12,49.32083333333333,166,1
C00202,138,49.28905797101449,312,0
C00204,6,115.05333333333333,86,1
C00205,6,45.93666666666667,364,0
C00206,39,71.42769230769231,403,0
C00207,20,36.562,388,1
C00208,2,21.78,427,1
C00209,7,139.77142857142857,200,1
C00210,4,32.394999999999996,307,0
C00211,1,123.31,203,1
C00212,12,46.1675,253,0
C00213,9,80.05333333333334,205,1
C00214,38,81.40315789473685,310,0
C00215,17,44.811764705882354,206,1
C00216,33,38.2460606060606,296,0
C00217,50,43.6832,435,0
C00218,16,56.473124999999996,300,1
C00219,23,59.33217391304347,195,1
C00220,1,53.14,18,1
C00221,28,46.08642857142858,223,1
C00222,36,76.22472222222223,252,1
C00223,38,73.56842105263158,308,0
C00224,2,1.74,47,1
C00225,7,50.58714285714286,209,1
C00226,38,56.117631578947375,148,0
C00227,18,32.971666666666664,238,0
C00228,78,86.05499999999999,376,0
C00229,16,96.331875,254,1
C00230,6,55.00333333333333,145,1
C00231,1,106.54,13,1
C00232,10,89.163,372,0
C00233,3,14.436666666666667,32,1
C00234,32,60.3790625,253,0
C00235,4,28.81,100,1
C00236,3,209.29666666666665,13,1
C00237,9,102.06111111111112,27,1
C00238,6,80.09833333333334,413,0
C00239,19,27.869999999999997,363,0
C00240,90,61.608777777777775,249,0
C00241,14,77.29928571428572,129,1
C00242,6,57.961666666666666,269,0
C00243,91,95.69054945054945,118,0
C00244,29,48.19586206896552,342,0
C00246,25,76.0064,256,0
C00247,22,40.42909090909091,413,0
C00248,45,28.083555555555556,317,0
C00249,3,27.073333333333334,196,1
C00250,16,40.676875,256,1
C00251,18,18.869444444444444,163,0
C00252,6,64.56166666666667,222,1
C00253,38,37.57973684210526,270,0
C00254,26,96.08846153846154,225,0
C00255,23,19.393043478260868,172,1
C00256,11,38.31181818181818,210,1
C00257,14,58.67357142857143,213,0
C00258,90,54.03611111111111,363,0
C00259,5,69.774,91,1
C00260,33,39.918787878787874,221,0
C00261,2,90.48,71,1
C00262,78,78.15128205128205,262,0
C00263,8,34.8225,303,0
C00264,26,77.11423076923077,419,0
C00265,20,71.8375,272,0
C00266,28,64.02178571428571,317,0
C00267,2,10.525,43,1
C00268,135,77.0597037037037,270,0
C00269,26,64.06153846153846,176,1
C00270,13,47.112307692307695,384,1
C00271,16,53.931875,386,0
C00272,18,63.25888888888889,413,0
C00273,15,86.766,232,1
C00274,39,32.676923076923075,304,0
C00275,5,49.028,69,1
C00276,19,49.93052631578948,142,1
C00277,7,90.43142857142857,216,1
C00278,33,58.71909090909091,131,0
C00279,76,40.58907894736842,347,0
C00280,18,53.32388888888889,267,0
C00281,2,354.53,31,1
C00282,51,43.617058823529405,339,0
C00283,16,50.241875,159,1
C00284,10,128.769,360,1
C00285,9,55.22777777777778,363,1
C00286,8,54.46,119,1
C00287,14,56.191428571428574,335,0
C00288,1,37.95,28,1
C00289,19,59.69421052631579,395,0
C00290,44,45.67272727272727,206,0
C00291,2,54.849999999999994,22,1
C00292,29,63.92655172413794,426,0
C00293,2,68.07,396,1
C00294,19,37.87684210526316,215,1
C00295,78,108.84705128205128,113,0
C00296,10,76.183,144,0
C00297,47,82.3068085106383,301,0
C00298,7,49.75714285714286,138,1
C00299,3,127.27666666666669,42,1
C00300,26,20.553076923076922,281,0
C00301,7,26.428571428571427,77,1
C00302,15,65.872,267,0
C00303,4,11.17,58,1
C00304,12,66.69916666666667,115,0
C00305,48,55.77041666666667,208,0
C00306,1,114.92,5,1
C00307,12,31.1825,146,0
C00308,22,88.84636363636363,389,0
C00309,10,159.575,404,1
C00310,62,103.60967741935484,290,0
C00311,31,79.46032258064515,204,0
C00312,17,152.84058823529412,193,1
C00313,2,41.815,11,1
C00314,51,25.83,225,0
C00315,9,85.70222222222222,300,0
C00316,18,59.294999999999995,362,0
C00317,19,37.22842105263158,270,0
C00318,17,58.29176470588236,361,1
C00320,3,85.44,56,1
C00321,33,33.95575757575757,127,0
C00322,32,79.066875,387,1
C00323,84,78.3552380952381,332,0
C00324,44,44.921136363636364,150,1
C00325,97,82.0260824742268,167,0
C00326,21,42.12714285714286,432,0
C00327,7,76.60714285714286,85,1
C00328,3,31.743333333333336,38,1
C00329,19,40.32631578947369,223,0
C00330,19,103.01578947368421,360,1
C00332,20,72.5575,236,0
C00333,35,50.098,236,1
C00334,15,86.31866666666666,124,1
C00335,24,60.88583333333333,213,0
C00336,18,41.49444444444444,408,0
C00337,6,54.37166666666667,335,1
C00338,6,57.585,285,0
C00339,15,70.02600000000001,148,0
C00340,10,51.99400000000001,266,1
C00341,22,52.26227272727272,353,1
C00342,12,62.392500000000005,64,1
C00343,31,132.0625806451613,415,0
C00344,41,31.228536585365852,122,0
C00345,7,70.36285714285714,372,1
C00346,31,33.22709677419355,422,0
C00347,14,43.39071428571429,130,1
C00348,61,37.26704918032787,282,0
C00350,12,40.788333333333334,430,0
C00351,6,51.73333333333333,157,1
C00352,1,138.54,78,1
C00353,6,61.12,208,1
C00354,94,43.535106382978725,201,0
C00355,94,40.59553191489362,431,0
C00356,18,18.299999999999997,395,1
C00357,13,120.95230769230768,259,1
C00358,20,74.625,160,0
C00359,11,100.34181818181818,262,0
C00360,2,26.27,57,1
C00361,51,46.67058823529411,172,0
C00362,23,27.81695652173913,299,0
C00363,5,163.132,175,1
C00365,6,109.88499999999999,423,0
C00366,19,57.35842105263158,167,0
C00367,23,103.75739130434783,414,0
C00368,48,29.871041666666667,289,0
C00370,9,54.79777777777778,435,0
C00371,11,54.38272727272727,380,0
C00373,5,50.976,202,1
C00374,7,90.28,373,0
C00375,4,72.0575,162,0
C00376,17,120.45235294117647,162,1
C00377,35,78.70542857142857,217,0
C00378,8,113.19125,108,1
C00379,4,26.8225,19,1
C00380,10,26.345999999999997,269,1
C00381,115,38.219130434782606,371,0
C00382,14,55.38428571428572,156,0
C00383,37,37.76837837837838,420,0
C00384,3,34.163333333333334,75,1
C00385,21,34.67047619047619,253,0
C00386,85,44.641294117647064,378,0
C00387,17,105.79705882352941,112,1
C00388,23,107.1108695652174,215,0
C00389,21,127.89380952380952,267,0
C00390,6,32.01833333333334,229,1
C00391,51,73.96137254901961,254,0
C00392,24,136.29749999999999,229,0
C00393,3,47.449999999999996,22,1
C00394,9,38.32666666666667,384,0
C00395,4,104.115,173,1
C00396,3,43.91,48,1
C00397,100,97.6892,338,0
C00398,27,120.41925925925926,226,0
C00399,31,71.76225806451613,427,0
C00400,9,51.81111111111111,328,1
C00401,13,43.072307692307696,216,1
C00402,7,128.1057142857143,83,1
C00403,67,51.78194029850746,167,0
C00404,9,42.175555555555555,193,1
C00405,28,59.19285714285714,110,0
C00406,2,78.69,4,1
C00407,92,25.931195652173916,399,0
C00408,30,68.122,205,0
C00409,16,49.488125,196,1
C00410,14,44.49142857142857,220,1
C00411,5,154.478,45,1
C00412,15,21.89,151,1
C00413,7,182.3,346,0
C00414,15,74.33866666666667,323,1
C00415,24,46.12166666666667,298,0
C00416,9,53.193333333333335,127,1
C00417,54,43.510555555555555,178,1
C00418,6,95.36833333333334,112,1
C00419,5,10.108,28,1
C00420,26,46.00692307692308,185,0
C00421,187,41.579732620320854,263,0
C00422,16,57.806875,253,0
C00423,135,57.36511111111111,195,0
C00424,22,66.5240909090909,294,0
C00425,61,43.880327868852454,394,0
C00426,6,117.855,24,1
C00427,13,53.423846153846156,178,0
C00428,30,38.84066666666667,156,0
C00429,4,71.82000000000001,14,1
C00430,1,7.78,19,1
C00431,13,130.44230769230768,297,1
C00432,37,40.843783783783785,327,0
C00433,3,157.59666666666666,60,1
C00434,6,53.919999999999995,41,1
C00435,36,33.23138888888889,398,0
C00436,14,72.225,363,0
C00437,25,76.258,331,0
C00438,14,59.815,103,1
C00439,9,18.322222222222223,359,0
C00440,24,63.47708333333333,119,1
C00441,11,76.59818181818183,242,1
C00442,7,33.308571428571426,434,0
C00443,8,31.517500000000002,112,1
C00444,28,71.47642857142857,386,1
C00445,30,87.90433333333334,289,0
C00446,2,113.83,9,1
C00447,5,87.73600000000002,40,1
C00448,1,25.3,4,1
C00449,9,17.982222222222223,103,1
C00450,39,58.15153846153846,366,0
C00451,40,23.4015,434,0
C00452,38,82.83342105263158,108,1
C00453,12,53.913333333333334,125,0
C00454,2,50.19,30,1
C00455,23,73.64652173913043,342,1
C00456,14,73.94500000000001,347,1
C00457,5,38.356,265,1
C00458,3,110.39333333333333,74,1
C00459,39,76.00820512820512,287,0
C00460,16,31.433125,272,0
C00461,3,80.66,31,1
C00462,53,35.501132075471695,288,0
C00464,19,66.32631578947368,377,0
C00465,41,39.98268292682927,432,0
C00468,4,42.7175,413,1
C00469,61,92.22081967213116,152,0
C00470,48,46.358125,153,0
C00471,14,28.505714285714284,384,1
C00472,13,63.08461538461539,75,1
C00473,46,70.21,204,0
C00474,14,64.84142857142857,411,0
C00475,85,52.55129411764705,362,0
C00476,58,57.044310344827586,351,0
C00478,32,19.5403125,318,1
C00479,35,34.97485714285714,199,0
C00480,20,83.816,317,1
C00481,8,93.49375,202,0
C00482,8,122.1125,199,0
C00483,9,22.614444444444445,214,1
C00484,29,66.91068965517242,214,0
C00485,33,57.09727272727273,305,0
C00486,20,58.19500000000001,423,0
C00487,26,99.54576923076924,223,0
C00488,76,57.00342105263158,184,0
C00489,11,56.95181818181818,305,1
C00490,108,112.11018518518519,386,0
C00491,13,63.175384615384615,358,0
C00492,38,54.59684210526316,273,0
C00493,58,91.85620689655173,301,0
C00494,12,141.30499999999998,333,1
C00495,17,40.601176470588236,270,1
C00496,43,42.12162790697675,208,0
C00497,24,72.16708333333334,145,0
C00498,4,25.04,205,0
C00499,26,31.06346153846154,261,0
C00501,41,114.67243902439024,299,0
C00502,15,80.394,296,1
C00503,29,23.03344827586207,144,1
C00504,13,40.24769230769231,377,0
C00505,4,22.7325,292,0
C00507,107,41.92317757009346,388,0
C00508,12,54.70000000000001,311,1
C00509,73,53.45767123287671,395,0
C00510,6,35.06166666666667,382,0
C00511,3,47.6,171,0
C00512,5,37.12,193,0
C00513,20,34.9435,321,1
C00514,4,30.009999999999998,295,1
C00515,58,28.495689655172413,128,0
C00516,3,124.21333333333332,23,1
C00517,9,26.571111111111108,209,0
C00518,28,46.2525,342,0
C00520,3,20.12666666666667,61,1
C00521,14,39.73142857142857,389,1
C00522,15,62.285333333333334,315,0
C00523,63,45.59095238095238,332,0
C00524,3,52.65666666666666,123,1
C00525,16,39.166875,253,0
C00526,16,65.0275,139,1
C00527,25,42.6764,208,0
C00528,32,36.4471875,134,0
C00529,24,45.365833333333335,162,0
C00530,95,82.43978947368421,260,0
C00531,13,50.927692307692304,253,0
C00532,4,36.8225,112,1
C00533,14,36.005,148,0
C00534,21,48.922380952380955,218,0
C00535,28,46.83428571428571,290,0
C00536,9,57.345555555555556,147,1
C00537,17,65.14999999999999,295,1
C00538,16,38.266875,294,1
C00539,3,72.77,54,1
C00540,11,90.3790909090909,242,0
C00541,9,58.92111111111111,213,1
C00542,15,67.89933333333333,264,1
C00543,5,39.996,67,1
C00544,1,13.76,12,1
C00545,2,72.485,8,1
C00546,3,45.163333333333334,33,1
C00547,14,46.67,348,0
C00548,29,113.04931034482757,185,0
C00549,30,45.92100000000001,118,0
C00550,2,82.595,101,1
C00552,14,19.852857142857143,292,1
C00553,38,21.013947368421054,116,0
C00554,6,26.228333333333335,160,1
C00555,5,32.768,80,1
C00556,17,35.1,263,1
C00557,41,40.04317073170731,279,0
C00558,9,64.89111111111112,383,1
C00559,11,74.55545454545455,231,0
C00560,19,17.620526315789476,223,1
C00561,47,45.94957446808511,114,0
C00562,26,55.29038461538461,138,0
C00563,8,50.98125,224,1
C00564,14,35.88428571428572,245,0
C00565,21,87.7,426,1
C00566,1,27.17,16,1
C00567,65,40.45,436,0
C00568,28,64.55678571428571,326,0
C00569,3,34.31333333333333,28,1
C00570,6,30.061666666666667,241,0
C00572,10,44.989999999999995,111,1
C00573,28,28.53142857142857,361,0
C00574,13,41.39846153846153,341,1
C00575,100,44.8383,291,0
C00576,9,70.6888888888889,154,1
C00577,11,57.4,200,0
C00578,20,58.11749999999999,311,0
C00579,38,66.54605263157895,128,0
C00580,15,121.31066666666668,142,1
C00581,6,47.04666666666666,235,0
C00582,54,40.62296296296296,282,0
C00583,17,66.6164705882353,197,1
C00584,21,30.363809523809522,339,1
C00585,4,57.4725,329,0
C00586,3,61.34,13,1
C00587,15,48.940666666666665,167,0
C00588,41,42.64463414634147,257,0
C00589,5,30.145999999999997,24,1
C00590,5,27.214,39,1
C00592,6,22.87,300,0
C00593,16,124.371875,421,0
C00594,7,133.63,198,1
C00596,18,26.630000000000003,167,0
C00597,1,18.87,2,1
C00598,4,30.385,20,1
C00599,138,57.38420289855072,269,0
C00600,81,118.63506172839507,282,0
C00601,6,46.01166666666666,388,1
C00602,2,13.94,176,1
C00603,16,75.470625,258,0
C00604,131,41.453206106870226,189,0
C00605,13,56.681538461538466,322,0
C00606,9,50.02111111111111,312,0
C00607,7,31.27285714285714,286,1
C00608,8,37.2375,338,0
C00609,55,54.146727272727276,273,0
C00610,9,30.02777777777778,293,1
C00611,21,42.39047619047619,256,0
C00612,22,133.50863636363636,92,1
C00613,44,56.881136363636365,156,0
C00614,8,73.14875,342,0
C00615,34,27.276470588235295,402,1
C00616,9,36.43888888888889,76,1
C00617,21,42.80809523809524,252,0
C00618,22,69.87545454545455,110,0
C00619,2,64.14,19,1
C00620,17,51.834705882352935,368,0
C00621,30,66.16766666666666,253,0
C00622,6,45.585,30,1
C00623,17,62.88941176470589,439,0
C00624,1,40.33,14,1
C00625,46,42.58586956521739,381,0
C00626,19,48.260000000000005,265,0
C00627,1,50.66,33,1
C00628,26,48.696538461538466,205,1
C00629,9,33.79,270,1
C00630,6,32.57666666666667,154,1
C00631,32,65.6003125,245,0
C00633,29,49.86724137931035,425,0
C00634,24,48.245,287,0
C00635,12,63.165,137,0
C00636,17,35.349411764705884,290,1
C00637,56,59.495,150,0
C00638,59,65.02220338983051,337,0
C00639,17,59.22176470588235,264,1
C00640,47,20.969574468085106,254,0
C00641,4,17.7975,260,1
C00642,18,38.33777777777778,321,0
C00643,48,39.16708333333333,329,0
C00644,25,76.1536,349,0
C00645,13,60.143846153846155,155,0
C00646,43,65.79511627906977,138,1
C00647,5,114.97999999999999,64,1
C00648,10,27.449,117,1
C00649,8,84.54875000000001,365,0
C00650,14,62.07071428571429,241,1
C00651,46,22.22695652173913,412,0
C00652,6,127.44,34,1
C00653,12,71.19,412,1
C00654,21,34.43333333333334,380,1
C00655,55,54.28818181818182,351,0
C00656,29,45.29620689655172,355,1
C00657,31,47.170645161290324,114,0
C00658,16,50.57375,228,0
C00659,44,72.06159090909091,398,0
C00660,39,47.70538461538462,165,1
C00661,11,70.61727272727272,255,0
C00662,2,111.325,15,1
C00663,17,45.518235294117645,264,1
C00664,1,117.59,20,1
C00665,18,63.83833333333333,376,0
C00666,39,48.404871794871795,391,0
C00667,44,85.53590909090909,172,0
C00668,13,35.55769230769231,326,1
C00669,54,49.59981481481481,424,0
C00670,39,63.94564102564103,392,0
C00671,37,55.61189189189189,286,0
C00672,24,36.96,207,0
C00674,27,81.11592592592594,208,0
C00675,42,47.544761904761906,409,1
C00676,67,54.58417910447761,115,0
C00677,3,39.1,49,1
C00678,17,29.845882352941175,235,1
C00679,4,153.32750000000001,100,1
C00680,30,53.51,132,0
C00681,2,115.57000000000001,39,1
C00682,50,61.443599999999996,274,0
C00683,6,78.48833333333333,37,1
C00684,9,16.805555555555557,115,1
C00685,39,47.06974358974359,254,0
C00686,16,78.92125,173,1
C00687,26,60.09615384615385,187,0
C00688,154,69.1775974025974,110,0
C00689,10,62.327999999999996,150,1
C00690,22,68.67,282,1
C00691,5,15.940000000000001,160,1
C00692,48,60.60729166666667,369,0
C00693,62,33.86274193548387,397,0
C00694,2,32.975,118,1
C00695,82,41.08048780487805,204,0
C00696,7,74.89428571428572,173,1
C00697,32,20.84125,148,0
C00698,13,29.413076923076922,249,1
C00699,22,118.18909090909091,359,0
C00700,25,44.5088,271,0
C00701,32,49.6075,227,0
C00702,9,36.07666666666667,368,0
C00703,61,35.583606557377045,414,1
C00704,33,40.65969696969697,377,0
C00705,9,69.07,105,1
C00706,30,68.01533333333333,345,0
C00707,2,20.275,62,1
C00708,16,31.855,360,0
C00709,9,39.73444444444445,422,0
C00710,11,43.74181818181818,163,1
C00711,8,44.20625,347,1
C00712,14,84.77642857142857,412,0
C00713,49,70.0930612244898,316,0
C00714,15,45.912666666666674,338,0
C00715,38,39.900263157894734,175,0
C00716,33,38.43151515151515,184,0
C00717,7,24.61285714285714,212,0
C00718,9,22.371111111111112,108,1
C00719,22,25.69272727272727,361,0
C00720,5,65.994,276,1
C00721,13,19.18076923076923,76,1
C00722,4,28.235,414,1
C00723,14,117.77499999999999,207,0
C00724,42,108.85309523809524,366,1
C00725,4,17.622500000000002,444,0
C00726,14,49.88,367,1
C00727,22,53.38590909090909,358,0
C00728,42,47.64452380952381,275,0
C00729,9,134.94,374,1
C00730,2,127.985,104,1
C00731,24,39.22291666666667,356,0
C00732,48,85.97333333333334,215,0
C00733,10,53.749,160,0
C00734,9,85.95555555555556,179,1
C00735,12,25.573333333333334,104,1
C00736,14,55.25642857142857,394,0
C00737,2,61.755,49,1
C00738,5,22.722,291,1
C00739,1,6.45,19,1
C00740,26,48.9076923076923,382,0
C00741,19,53.39368421052632,178,0
C00742,21,41.75380952380952,143,0
C00743,12,67.26666666666667,371,0
C00744,9,59.00222222222222,137,1
C00745,5,44.546,242,1
C00746,21,73.61190476190475,226,1
C00747,22,38.916363636363634,344,0
C00748,6,47.656666666666666,114,1
C00749,23,27.37782608695652,337,1
C00750,25,73.208,220,0
C00751,17,64.22588235294117,342,1
C00752,45,70.29022222222223,260,0
C00753,5,51.094,266,1
C00754,55,45.804545454545455,204,0
C00755,11,61.60545454545454,34,1
C00756,7,54.75714285714286,265,1
C00757,56,67.29946428571428,390,0
C00758,30,39.27033333333334,304,0
C00759,26,83.68038461538461,267,1
C00760,2,28.06,243,1
C00761,52,69.62173076923077,202,0
C00762,13,55.52538461538462,243,1
C00763,166,67.52753012048193,170,0
C00764,5,41.436,194,1
C00765,2,49.254999999999995,31,1
C00766,61,41.78918032786885,386,0
C00767,22,37.85727272727273,114,0
C00768,69,38.46405797101449,201,0
C00769,7,46.457142857142856,270,1
C00770,61,76.2355737704918,426,0
C00771,27,114.04407407407408,131,0
C00772,74,39.80391891891892,435,0
C00773,31,45.0758064516129,110,0
C00774,3,82.83333333333333,29,1
C00775,23,38.32695652173913,342,0
C00776,1,26.27,2,1
C00777,5,7.2780000000000005,42,1
C00778,81,74.00024691358026,143,0
C00779,20,46.7255,187,0
C00780,33,35.18272727272727,327,0
C00782,13,36.04153846153846,182,0
C00783,4,48.1,336,1
C00784,18,54.346111111111114,358,0
C00785,3,51.67666666666667,104,1
C00786,39,40.372564102564105,230,0
C00787,8,79.895,301,1
C00788,29,44.639310344827585,348,0
C00789,179,41.78916201117318,165,0
C00790,30,29.361,216,0
C00791,9,66.58777777777777,395,1
C00792,9,58.70666666666667,45,1
C00793,56,82.43321428571429,170,0
C00794,3,52.876666666666665,18,1
C00795,42,90.98309523809523,401,0
C00796,10,59.126,346,1
C00797,26,104.48153846153846,117,0
C00798,8,52.67125,222,0
C00799,51,81.64,362,0
C00801,22,44.20363636363636,316,0
C00802,71,32.83549295774648,412,0
C00803,16,58.810624999999995,231,1
C00804,11,56.47,120,1
C00805,21,26.723333333333336,323,0
C00806,1,31.24,2,1
C00807,30,43.824666666666666,137,0
C00808,7,54.06857142857143,183,1
C00809,6,56.321666666666665,18,1
C00810,3,35.89666666666667,30,1
C00811,21,49.52809523809523,123,0
C00812,24,117.17625,163,1
C00813,11,37.71545454545455,404,1
C00814,9,56.48444444444445,106,1
C00815,55,40.75781818181818,112,0
C00816,16,38.09,220,0
C00817,81,62.52185185185186,347,0
C00818,41,38.795609756097555,348,0
C00819,37,106.46405405405406,383,0
C00820,79,29.51860759493671,403,0
C00821,29,80.69448275862068,336,0
C00822,35,34.364285714285714,124,0
C00823,7,36.02285714285714,217,1
C00824,3,54.196666666666665,228,0
C00825,43,52.77441860465117,137,0
C00827,25,66.082,148,0
C00828,32,52.3134375,382,0
C00829,60,51.285666666666664,340,0
C00830,19,62.70263157894736,195,0
C00831,25,50.3452,235,0
C00832,29,72.5251724137931,409,0
C00833,30,89.86266666666667,134,0
C00834,59,29.20728813559322,228,1
C00835,99,42.68525252525253,122,0
C00836,11,107.99636363636364,321,0
C00837,27,83.59111111111112,134,0
C00838,11,60.64909090909091,177,0
C00839,9,78.29222222222222,176,0
C00840,10,30.269,287,1
C00841,10,48.804,195,1
C00842,26,52.112307692307695,255,0
C00843,50,44.9886,220,0
C00844,2,22.875,10,1
C00845,2,22.939999999999998,187,1
C00846,37,51.987027027027025,143,0
C00847,18,30.476111111111113,164,1
C00849,22,32.93272727272727,301,1
C00850,21,28.754285714285714,192,0
C00851,3,32.163333333333334,27,1
C00852,22,53.789090909090916,206,1
C00853,3,65.44333333333333,32,1
C00854,5,48.528,14,1
C00855,50,99.95379999999999,391,0
C00856,8,116.15125,429,0
C00857,33,36.1869696969697,335,0
C00858,8,37.175,373,1
C00859,9,49.20333333333334,338,0
C00860,8,33.2675,398,0
C00861,2,77.6,10,1
C00862,9,55.86888888888889,386,0
C00863,73,103.58479452054794,307,0
C00864,6,28.715,90,1
C00865,17,64.96411764705883,218,1
C00866,31,58.413225806451614,113,0
C00867,14,71.27142857142857,440,0
C00868,10,35.361000000000004,373,1
C00869,3,69.74,141,1
C00870,18,35.05611111111111,243,1
C00871,5,56.298,128,1
C00872,9,28.28222222222222,194,1
C00873,16,63.025625000000005,333,1
C00874,24,44.479166666666664,284,1
C00875,70,44.33342857142858,140,0
C00876,5,57.436,25,1
C00877,22,90.64181818181818,336,1
C00878,25,32.1484,145,0
C00879,16,64.415,332,0
C00880,9,33.32111111111111,78,1
C00881,21,36.98904761904762,431,0
C00882,10,166.19699999999997,121,1
C00883,82,64.96963414634146,184,0
C00884,130,95.923,113,0
C00886,9,45.94,243,0
C00887,35,71.35057142857143,227,0
C00888,12,63.732499999999995,156,1
C00890,15,131.84333333333333,212,1
C00891,80,60.139625,444,0
C00892,41,65.65585365853659,312,0
C00893,45,61.04577777777778,135,0
C00894,34,112.38794117647059,282,0
C00895,20,106.353,397,1
C00896,36,64.97722222222222,242,0
C00897,30,49.264,435,0
C00898,21,64.66285714285715,227,0
C00899,5,12.536,363,1
C00900,43,32.31511627906977,384,0
C00901,4,76.63,250,1
C00902,11,42.093636363636364,332,1
C00903,21,31.64952380952381,78,1
C00904,6,91.95166666666667,222,0
C00905,7,63.722857142857144,204,1
C00906,10,96.825,132,1
C00907,13,20.45307692307692,110,0
C00908,27,27.086296296296297,199,0
C00910,7,48.67285714285715,429,0
C00911,4,29.77,80,1
C00912,15,32.98733333333333,402,0
C00913,5,22.008000000000003,210,1
C00914,10,38.902,433,1
C00915,3,29.713333333333335,288,1
C00916,11,21.036363636363635,202,1
C00917,51,81.14392156862745,287,0
C00918,25,37.2132,100,1
C00919,8,57.42375,293,1
C00920,6,70.02166666666666,215,1
C00921,47,56.65808510638298,281,0
C00922,6,39.681666666666665,122,0
C00923,14,55.971428571428575,221,1
C00924,48,28.685208333333332,239,0
C00925,25,44.0836,193,0
C00926,5,63.924,74,1
C00927,9,54.65888888888889,428,0
C00928,12,69.75,193,1
C00929,4,44.195,428,1
C00930,6,20.688333333333333,382,0
C00931,43,53.82767441860465,374,0
C00932,22,72.49181818181819,147,0
C00933,9,44.132222222222225,203,0
C00934,36,92.54166666666667,204,0
C00935,21,33.85333333333333,386,1
C00936,2,10.760000000000002,74,1
C00937,16,22.03,387,1
C00938,1,24.77,8,1
C00939,41,50.9580487804878,443,0
C00940,10,34.331,246,0
C00941,25,85.37960000000001,184,1
C00942,7,55.457142857142856,49,1
C00943,39,50.68769230769231,110,0
C00944,14,55.294285714285714,401,1
C00945,7,61.964285714285715,352,1
C00946,76,38.265921052631576,169,0
C00947,11,90.67636363636363,428,1
C00948,16,41.466875,435,1
C00949,22,39.55954545454546,351,1
C00950,14,52.63714285714286,29,1
C00951,5,93.678,232,1
C00952,4,29.445,30,1
C00953,46,37.11521739130435,395,0
C00954,43,42.30186046511628,400,0
C00955,16,40.965,278,1
C00956,15,55.38733333333333,258,1
C00957,30,41.781333333333336,114,0
C00958,5,41.536,118,1
C00959,68,46.6360294117647,171,0
C00960,60,103.26883333333333,241,0
C00961,52,43.341153846153844,198,0
C00962,20,30.529500000000002,296,1
C00963,104,53.53817307692308,151,0
C00964,11,37.06636363636364,198,0
C00965,67,27.965820895522388,405,0
C00966,93,60.74612903225807,437,0
C00967,37,47.79432432432432,398,1
C00968,7,108.07285714285715,213,0
C00969,31,63.023870967741935,123,0
C00970,43,44.96023255813953,397,0
C00971,5,49.251999999999995,111,1
C00972,11,39.74272727272727,197,1
C00973,9,16.343333333333334,118,1
C00974,9,39.18555555555556,172,0
C00975,75,84.82853333333334,252,0
C00976,10,52.753,256,1
C00978,25,72.3244,334,0
C00979,18,93.02944444444444,418,0
C00980,20,53.588,213,0
C00981,73,56.04287671232877,213,0
C00982,4,70.01249999999999,141,1
C00983,11,22.420909090909092,307,0
C00984,1,24.8,26,1
C00985,9,33.36888888888889,176,0
C00986,35,48.95942857142857,288,0
C00987,4,61.11,59,1
C00988,149,47.4093288590604,124,0
C00989,23,130.33173913043478,215,1
C00990,9,71.84777777777778,245,1
C00991,13,77.90923076923076,378,1
C00992,16,66.924375,340,0
C00993,19,83.19578947368421,266,0
C00994,19,67.15052631578948,147,0
C00995,14,47.81428571428571,206,0
C00996,8,58.225,386,1
C00997,20,46.278,340,1
C00998,26,71.44615384615385,282,1
C00999,7,23.83857142857143,91,1
C01000,20,58.187,431,0
C01001,20,90.5185,119,0
C01002,13,38.62230769230769,32,1
C01003,6,69.07666666666667,164,1
C01004,10,48.938,435,1
C01005,45,51.85444444444444,227,0
C01006,52,54.643076923076926,403,0
C01007,5,27.869999999999997,268,0
C01009,34,52.03558823529412,337,0
C01010,3,69.83,325,0
C01011,29,51.829655172413794,293,0
C01012,52,36.30519230769231,124,0
C01013,100,69.8472,266,0
C01014,3,24.676666666666666,211,1
C01015,9,55.507777777777775,366,1
C01016,23,36.832173913043476,266,0
C01017,52,55.48846153846154,156,0
C01018,22,65.55363636363637,433,0
C01019,25,151.2192,441,0
C01020,14,41.480000000000004,282,0
C01021,8,79.49,239,0
C01022,13,70.30153846153846,177,1
C01023,14,108.35642857142857,140,1
C01024,110,60.82636363636363,352,0
C01025,13,58.69615384615384,376,1
C01026,20,90.41749999999999,391,0
C01027,81,45.123086419753086,408,0
C01028,8,45.575,155,1
C01029,15,75.89533333333334,178,0
C01030,5,54.378,220,1
C01031,8,46.3975,120,0
C01032,24,66.95916666666666,363,0
C01033,7,61.01714285714286,409,1
C01034,3,19.0,49,1
C01035,34,73.75470588235294,243,0
C01036,32,44.30125,309,0
C01037,12,78.84416666666667,109,1
C01038,15,16.646,378,1
C01039,21,68.82142857142857,411,0
C01040,9,28.261111111111113,327,1
C01042,5,123.21600000000001,27,1
C01043,61,56.70918032786886,319,0
C01044,13,69.13076923076923,100,1
C01045,33,67.45242424242424,213,0
C01046,79,38.18582278481013,425,0
C01047,17,44.082941176470584,280,0
C01048,39,67.66820512820513,433,0
C01049,6,68.48666666666666,159,1
C01050,4,28.6525,57,1
C01051,70,48.10485714285714,437,0
C01052,37,38.204594594594596,236,0
C01053,28,81.19464285714285,180,1
C01054,36,88.63916666666667,201,0
C01055,1,67.24,58,1
C01056,46,58.17978260869565,160,0
C01057,16,89.890625,138,0
C01058,8,72.74625,405,0
C01059,16,39.847500000000004,406,0
C01060,44,33.102045454545454,323,1
C01061,18,87.80055555555556,376,0
C01062,5,69.412,366,0
C01063,36,82.49027777777778,411,0
C01064,17,87.9470588235294,210,0
C01065,5,109.98599999999999,219,0
C01066,11,105.3990909090909,291,0
C01067,9,25.20888888888889,378,1
C01068,38,75.51184210526316,110,0
C01069,16,80.848125,428,0
C01070,4,34.05,16,1
C01071,1,3.28,26,1
C01073,28,79.9175,218,1
C01074,34,49.368529411764705,311,0
C01075,3,42.37666666666667,413,1
C01076,44,29.091590909090908,226,0
C01077,33,42.39818181818182,249,1
C01078,64,68.39640625,400,0
C01079,22,46.66090909090909,165,1
C01080,10,69.378,353,0
C01081,58,78.28275862068965,134,0
C01082,68,43.949999999999996,199,0
C01083,20,77.196,184,0
C01084,22,49.14318181818182,397,1
C01085,11,44.01272727272727,319,0
C01086,13,54.784615384615385,85,1
C01087,4,73.66,22,1
C01088,9,17.10111111111111,360,0
C01089,57,120.65596491228071,288,0
C01090,10,50.553,231,1
C01091,17,46.90470588235294,261,0
C01092,13,37.206153846153846,47,1
C01093,79,115.5526582278481,289,0
C01094,8,66.67375,307,0
C01095,5,73.32,262,1
C01096,2,28.56,28,1
C01097,10,69.53299999999999,394,0
C01098,12,99.18,169,1
C01099,2,35.19,13,1
C01100,5,81.286,99,1
C01101,47,44.848510638297874,265,0
C01102,9,68.81666666666666,140,1
C01103,29,89.09034482758621,193,0
C01104,17,53.60588235294117,286,0
C01105,37,35.76243243243243,257,0
C01106,4,65.52,27,1
C01107,40,67.65075,172,0
C01108,56,52.42142857142857,298,0
C01109,40,51.4455,158,0
C01110,7,38.77285714285715,365,1
C01111,5,30.43,366,0
C01112,7,45.98285714285714,313,1
C01113,13,59.26307692307693,212,1
C01114,50,29.678600000000003,324,0
C01115,36,48.07888888888888,320,0
C01116,40,63.325250000000004,418,1
C01117,14,22.68285714285714,136,1
C01118,65,38.65676923076923,267,0
C01119,9,53.33555555555555,380,1
C01120,12,52.68333333333334,414,1
C01121,22,57.83772727272728,375,1
C01122,17,55.23705882352941,253,0
C01123,17,60.268235294117645,128,0
C01124,4,82.37,44,1
C01125,36,39.12722222222222,366,0
C01126,140,25.352642857142857,187,0
C01127,31,46.12870967741936,284,0
C01128,14,47.93357142857143,274,1
C01129,8,66.03999999999999,155,1
C01130,83,78.06084337349398,223,0
C01131,141,79.26212765957447,331,0
C01132,66,48.246212121212125,275,0
C01133,19,202.52947368421053,390,1
C01134,126,78.52253968253969,241,0
C01135,28,94.5657142857143,373,0
C01136,4,75.8175,26,1
C01137,18,89.74944444444445,240,0
C01138,55,65.9229090909091,397,0
C01139,46,64.21391304347826,375,0
C01140,12,101.93916666666667,271,0
C01141,31,48.799677419354836,196,0
C01142,3,102.85333333333334,37,1
C01143,33,41.61333333333334,397,0
C01144,2,52.394999999999996,144,1
C01145,10,101.685,117,0
C01146,24,53.384166666666665,430,0
C01148,8,46.97,52,1
C01149,21,90.81714285714285,423,1
C01150,8,30.005,364,0
C01151,30,53.409666666666666,437,0
C01152,12,45.375,163,0
C01153,44,46.50477272727273,358,0
C01154,42,40.867380952380955,348,0
C01155,2,178.11499999999998,233,1
C01156,6,33.46,176,0
C01157,4,92.5875,25,1
C01158,29,66.97689655172414,206,0
C01159,11,44.153636363636366,179,1
C01160,17,33.65470588235294,372,1
C01161,45,63.281777777777776,400,0
C01162,30,62.62866666666666,205,0
C01163,35,115.44914285714285,181,1
C01164,47,36.202127659574465,187,0
C01165,7,37.917142857142856,397,1
C01166,18,54.20944444444444,229,0
C01167,5,11.658,26,1
C01168,30,28.572,274,0
C01170,16,43.53,332,0
C01171,7,31.97142857142857,357,1
C01172,4,41.045,24,1
C01173,5,27.851999999999997,403,1
C01174,3,67.72666666666667,318,1
C01176,20,54.512,258,1
C01177,1,33.72,22,1
C01178,1,108.14,95,1
C01179,30,60.883,221,0
C01180,22,83.80272727272728,128,1
C01181,98,35.131020408163266,394,0
C01182,18,22.51833333333333,297,0
C01183,21,56.44428571428571,191,0
C01184,56,65.23053571428571,111,0
C01185,6,79.73833333333333,386,1
C01186,77,71.4561038961039,306,0
C01187,20,24.448,120,0
C01188,12,63.50666666666666,343,0
C01189,142,78.35929577464789,304,0
C01190,1,108.05,8,1
C01191,53,105.87679245283019,123,1
C01192,30,65.22933333333334,370,0
C01193,59,47.832033898305085,402,0
C01194,35,72.49428571428572,339,1
C01195,12,89.17833333333333,299,1
C01196,5,163.73999999999998,295,1
C01197,31,72.93870967741935,162,0
C01198,2,14.64,14,1
C01199,58,54.22896551724138,190,0
C01200,38,44.849736842105266,310,1
C01201,30,63.37733333333333,267,0
C01202,39,129.39923076923077,229,0
C01203,13,53.44461538461538,168,0
C01204,9,49.169999999999995,324,0
C01206,2,28.375,32,1
C01207,17,45.44705882352941,301,1
C01208,19,38.875263157894736,216,1
C01209,1,15.03,16,1
C01210,11,92.35363636363637,123,0
C01211,10,67.751,36,1
C01212,2,22.035,13,1
C01213,22,49.87,346,0
C01214,2,26.91,200,1
C01215,30,72.389,310,0
C01216,21,67.05571428571429,355,0
C01217,20,70.75550000000001,331,1
C01218,48,56.0925,344,0
C01219,20,25.9095,32,1
C01220,2,137.28,84,1
C01221,2,118.055,65,1
C01222,10,33.507999999999996,218,0
C01223,15,41.2,207,0
C01224,6,27.545,57,1
C01225,60,32.389833333333335,402,0
C01226,6,45.54500000000001,172,1
C01227,7,41.364285714285714,433,1
C01228,26,44.261923076923075,166,1
C01229,5,54.846000000000004,237,0
C01230,12,61.39083333333334,151,0
C01231,37,33.310810810810814,145,1
C01232,8,25.79625,122,1
C01233,3,71.47,126,0
C01234,32,60.8290625,274,0
C01235,19,42.613157894736844,262,0
C01236,52,40.19730769230769,185,0
C01237,9,56.97333333333333,196,0
C01239,12,68.68833333333333,136,0
C01240,13,52.88230769230769,408,1
C01241,11,62.404545454545456,388,1
C01242,16,49.038125,239,1
C01243,10,113.42999999999999,315,1
C01244,13,13.86923076923077,277,0
C01245,1,104.65,27,1
C01246,16,60.05,377,0
C01247,9,35.56444444444444,346,0
C01248,10,66.513,405,1
C01250,42,84.045,299,0
C01251,31,30.649032258064516,231,0
C01252,5,38.762,53,1
C01253,34,120.98029411764706,173,0
C01254,10,58.149,239,0
C01255,17,43.046470588235294,419,0
C01256,15,75.68,302,0
C01257,26,99.27653846153846,416,0
C01258,83,41.88265060240963,290,0
C01259,46,34.997608695652175,401,0
C01260,74,32.1822972972973,391,0
C01261,57,58.51368421052632,138,0
C01262,36,120.3913888888889,229,1
C01263,1,24.12,48,1
C01264,15,80.88333333333334,401,1
C01265,13,35.42846153846154,120,0
C01266,19,77.08526315789474,273,0
C01267,3,13.276666666666666,76,1
C01268,53,62.395471698113205,296,0
C01270,21,50.135238095238094,341,0
C01271,15,46.15266666666666,284,1
C01272,59,42.24271186440678,419,0
C01273,6,78.50166666666667,125,1
C01274,80,41.484125,164,0
C01275,8,142.22,220,0
C01276,2,21.88,58,1
C01277,230,59.18347826086957,355,0
C01278,7,15.098571428571429,40,1
C01279,17,26.56764705882353,412,1
C01280,20,184.7795,339,1
C01281,14,29.025000000000002,359,0
C01282,16,88.4575,145,0
C01283,1,12.97,63,1
C01284,22,80.80045454545456,257,0
C01286,7,135.82714285714286,107,1
C01288,7,132.9742857142857,263,0
C01289,2,74.94,38,1
C01291,4,54.724999999999994,405,0
C01292,21,78.2357142857143,126,0
C01293,42,60.15714285714286,238,0
C01294,5,133.07999999999998,69,1
C01295,63,44.657936507936505,170,0
C01296,54,61.7137037037037,213,0
C01297,5,64.076,151,0
C01298,15,20.362000000000002,62,1
C01299,6,32.07333333333333,66,1
C01300,60,57.318,400,0
C01301,20,32.385000000000005,240,0
C01302,10,90.41,335,1
C01303,29,37.55068965517241,217,0
C01304,12,52.35166666666667,281,1
C01305,56,36.98607142857143,211,0
C01306,2,60.01,121,0
C01307,25,71.5584,377,1
C01308,4,26.23,210,0
C01309,12,70.77416666666666,153,0
C01310,23,77.2108695652174,405,1
C01311,41,41.7590243902439,126,0
C01312,23,45.8008695652174,430,1
C01314,23,55.66304347826087,420,0
C01315,60,15.3975,412,0
C01316,10,71.15299999999999,121,0
C01317,73,40.706438356164384,427,0
C01318,13,51.076153846153844,178,1
C01319,34,55.57411764705882,310,1
C01320,11,64.39272727272727,373,0
C01321,3,75.87,35,1
C01322,19,65.45473684210526,190,0
C01323,24,98.05874999999999,302,1
C01324,1,168.95,5,1
C01325,7,25.618571428571425,309,0
C01326,11,56.625454545454545,134,0
C01327,6,39.86,198,0
C01328,26,40.659615384615385,377,0
C01329,40,50.81075,252,0
C01330,28,69.20607142857143,168,0
C01331,36,74.9225,98,1
C01332,13,29.35076923076923,124,1
C01333,43,77.37651162790698,397,0
C01334,9,72.27888888888889,345,1
C01335,49,54.15408163265307,125,0
C01336,149,33.32731543624161,308,0
C01337,24,45.602916666666665,391,0
C01338,16,12.53,153,1
C01339,55,45.88218181818182,359,0
C01340,2,111.0,14,1
C01341,10,31.112000000000002,444,0
C01342,22,38.196363636363635,226,0
C01343,18,24.146666666666665,116,0
C01344,25,46.104,207,1
C01345,8,50.27374999999999,285,0
C01346,8,63.588750000000005,397,1
C01347,23,83.43,422,1
C01348,15,63.24066666666667,293,1
C01350,3,188.44333333333336,269,1
C01351,4,29.64,92,1
C01352,13,32.87615384615385,361,1
C01353,63,46.1047619047619,123,0
C01354,12,76.27916666666667,200,1
C01355,4,92.4875,194,1
C01356,18,96.77111111111111,137,1
C01357,14,90.22214285714287,297,0
C01358,5,56.105999999999995,29,1
C01359,49,52.397346938775506,207,0
C01360,13,72.23,240,0
C01361,6,58.26499999999999,362,1
C01362,2,36.29,45,1
C01363,1,10.66,14,1
C01364,19,23.620526315789476,136,1
C01365,34,118.65058823529411,124,0
C01366,12,56.274166666666666,113,0
C01367,30,75.93833333333333,319,0
C01368,2,9.754999999999999,29,1
C01369,69,36.47086956521739,125,0
C01370,8,25.49375,217,0
C01371,14,99.10071428571428,420,0
C01372,30,32.908,336,0
C01373,80,42.089875,279,0
C01374,17,65.89411764705882,143,0
C01376,2,12.29,19,1
C01377,39,81.43717948717949,378,0
C01378,37,44.398648648648646,250,0
C01379,19,36.09947368421052,383,0
C01380,17,45.44117647058823,205,0
C01381,2,29.700000000000003,53,1
C01382,5,24.118000000000002,133,1
C01383,48,36.2975,411,0
C01384,18,53.943333333333335,138,0
C01385,48,48.361041666666665,427,0
C01386,11,78.88818181818182,337,1
C01387,20,39.0225,329,1
C01388,27,25.032592592592593,294,0
C01389,9,68.69333333333333,369,1
C01390,42,37.891666666666666,345,0
C01391,143,31.188251748251748,348,0
C01392,2,47.260000000000005,209,1
C01393,25,49.3064,161,1
C01394,56,36.099464285714284,286,0
C01395,23,56.71434782608696,109,1
C01396,39,55.84615384615385,238,1
C01397,1,52.93,10,1
C01398,8,101.22375,433,0
C01399,14,81.32285714285715,255,0
C01400,57,37.69298245614035,402,0
C01401,25,41.7388,254,1
C01402,9,33.14888888888889,258,1
C01403,2,4.609999999999999,87,1
C01404,19,51.23736842105263,414,0
C01405,11,66.75,187,1
C01406,14,50.839999999999996,296,0
C01407,15,58.477999999999994,370,1
C01408,32,66.7940625,170,0
C01409,85,69.33270588235294,307,0
C01410,8,27.97625,404,0
C01411,20,58.225,428,0
C01412,22,48.24818181818182,382,1
C01413,7,54.794285714285714,120,0
C01414,1,38.42,28,1
C01415,5,64.15,48,1
C01416,12,33.001666666666665,335,0
C01417,2,43.57,262,0
C01418,16,42.951875,308,0
C01419,17,105.85705882352941,161,0
C01420,9,38.53777777777778,369,0
C01421,11,22.96090909090909,160,1
C01422,18,82.84444444444445,162,1
C01423,31,42.29096774193548,257,0
C01424,49,98.88142857142859,172,0
C01425,17,48.029411764705884,400,1
C01426,10,65.771,352,0
C01427,12,24.973333333333333,272,1
C01428,35,55.70085714285714,216,0
C01429,34,72.77352941176471,335,0
C01430,2,76.045,28,1
C01432,30,91.35866666666668,350,0
C01433,13,88.62846153846155,288,1
C01434,3,18.65,52,1
C01435,38,73.62789473684211,114,0
C01436,37,43.799459459459456,370,0
C01437,46,65.32130434782609,163,0
C01438,32,106.00375,156,0
C01439,42,87.0345238095238,324,0
C01440,54,82.45259259259258,286,0
C01441,5,50.56,28,1
C01442,30,72.99666666666667,208,0
C01443,3,93.24666666666667,38,1
C01444,12,61.18416666666667,322,1
C01445,28,59.50714285714286,170,0
C01446,22,44.68772727272727,287,0
C01447,22,30.111363636363638,160,1
C01448,53,71.70622641509435,254,0
C01449,13,29.81923076923077,325,0
C01450,16,35.155625,112,0
C01451,41,59.70585365853659,269,0
C01452,16,30.428125,336,0
C01454,54,48.20425925925926,226,1
C01455,24,79.63458333333334,198,0
C01456,4,86.52,39,1
C01457,12,52.23833333333334,117,1
C01458,14,61.46785714285714,128,1
C01459,27,32.49740740740741,376,0
C01460,34,65.64676470588235,214,0
C01461,33,33.68333333333333,432,0
C01462,36,46.849999999999994,232,0
C01463,34,59.464999999999996,138,0
C01464,17,45.88294117647059,246,0
C01465,82,38.05256097560976,304,0
C01466,50,56.0886,335,0
C01467,10,36.678,109,1
C01468,5,56.63399999999999,229,1
C01469,7,46.05857142857143,53,1
C01470,19,79.42894736842106,104,1
C01471,10,108.523,134,0
C01472,1,14.66,5,1
C01473,49,39.88183673469388,335,0
C01474,15,55.93666666666666,233,0
C01475,10,67.50399999999999,106,1
C01476,29,57.31551724137931,437,0
C01477,23,37.03608695652174,360,0
C01478,2,8.705,24,1
C01479,29,88.07172413793103,199,0
C01480,38,44.20657894736842,146,0
C01481,15,83.708,425,0
C01482,23,43.203478260869566,285,0
C01483,7,33.918571428571425,393,0
C01484,5,60.760000000000005,190,0
C01485,8,41.8175,223,0
C01486,52,57.75384615384615,149,0
C01487,18,46.227222222222224,410,0
C01488,144,48.74805555555556,333,0
C01489,9,62.55111111111111,374,1
C01490,71,68.52211267605634,224,0
C01491,6,38.440000000000005,295,0
C01492,139,32.30172661870504,432,0
C01493,13,66.38538461538461,161,1
C01494,39,87.58435897435898,147,1
C01495,21,40.021904761904764,149,0
C01496,1,20.59,10,1
C01497,13,33.64923076923077,398,0
C01498,20,79.1875,371,0
C01499,10,37.545,325,0
C01500,44,46.06795454545455,256,0
C01501,21,30.948095238095238,231,1
C01502,33,75.22090909090909,201,0
C01503,29,52.76413793103448,168,0
C01504,81,33.595432098765436,168,0
C01505,39,54.76538461538461,413,0
C01506,16,58.476875,278,0
C01507,12,39.982499999999995,378,0
C01508,26,63.37192307692308,154,0
C01509,23,30.541739130434784,283,1
C01510,14,69.28285714285714,279,0
C01511,6,69.245,40,1
C01512,2,35.56,231,1
C01513,11,23.14909090909091,297,0
C01514,45,57.91888888888889,116,0
C01515,47,56.11446808510639,242,0
C01516,10,79.95,344,0
C01517,14,71.63357142857143,154,0
C01518,49,84.64836734693877,423,0
C01519,52,60.504423076923075,358,0
C01520,26,25.841923076923077,140,0
C01521,42,30.174285714285713,132,0
C01522,17,53.968823529411765,269,0
C01523,43,77.34488372093023,267,0
C01524,2,104.18,40,1
C01525,13,96.24,191,0
C01526,16,51.486875000000005,367,0
C01527,12,51.7125,315,0
C01528,6,18.313333333333333,186,0
C01529,10,62.66799999999999,121,0
C01530,18,36.025000000000006,389,1
C01531,12,44.10833333333333,330,1
C01532,14,38.845000000000006,92,1
C01533,64,71.57640625,155,0
C01534,3,108.54333333333334,264,0
C01535,45,47.89022222222222,222,0
C01536,6,37.723333333333336,340,1
C01537,1,51.04,1,1
C01538,3,51.99,297,1
C01539,14,44.40071428571429,297,0
C01540,46,80.37630434782609,272,0
C01541,49,79.41367346938776,435,0
C01542,1,27.62,14,1
C01543,32,73.026875,342,0
C01544,9,226.61333333333334,147,1
C01545,2,100.56,105,1
C01546,15,91.84266666666666,169,0
C01547,14,41.92,438,1
C01548,29,57.210689655172416,331,0
C01549,5,103.17999999999999,35,1
C01550,9,92.96222222222222,60,1
C01552,29,43.67,351,0
C01553,13,21.91769230769231,433,0
C01554,46,66.24978260869565,328,0
C01555,6,45.03666666666666,301,0
C01556,11,34.99636363636363,126,0
C01557,7,88.10571428571428,92,1
C01558,11,24.655454545454543,272,1
C01559,2,102.735,42,1
C01560,27,42.190370370370374,229,0
C01561,11,60.14909090909091,296,1
C01562,23,56.71782608695652,415,0
C01563,12,67.98833333333333,379,0
C01564,26,73.44461538461539,301,0
C01565,3,62.28666666666667,124,1
C01566,8,18.45625,394,0
C01567,2,109.905,100,1
C01568,6,97.20666666666666,273,0
C01569,41,67.1080487804878,360,0
C01570,29,39.69379310344827,335,1
C01571,35,57.06542857142857,116,0
C01572,79,79.8513924050633,138,0
C01573,46,34.59065217391304,142,0
C01574,31,61.58548387096774,243,0
C01575,17,70.69058823529411,174,1
C01576,22,54.10318181818182,167,0
C01577,10,41.801,135,0
C01578,19,53.94736842105263,335,0
C01579,45,59.23466666666666,394,0
C01580,20,39.504999999999995,102,1
C01581,23,43.840434782608696,208,0
C01582,28,69.74857142857142,130,1
C01583,1,40.88,40,1
C01584,96,70.92416666666666,394,0
C01585,9,80.24111111111111,206,1
C01586,4,168.54000000000002,184,0
C01587,13,27.659230769230767,397,0
C01588,8,36.980000000000004,93,1
C01589,30,42.867333333333335,284,0
C01590,16,90.345,179,1
C01591,167,50.4025748502994,131,0
C01592,10,39.802,136,0
C01593,12,97.83,304,0
C01594,11,46.02,273,1
C01595,14,55.010714285714286,177,1
C01596,14,52.503571428571426,130,0
C01597,3,42.36666666666667,15,1
C01598,2,93.35499999999999,58,1
C01599,3,56.25333333333333,26,1
C01600,4,35.8375,127,1
C01601,62,89.30370967741935,366,0
C01602,10,78.599,145,1
C01603,19,70.78157894736843,124,0
C01604,42,30.709761904761905,271,0
C01605,24,156.5975,258,1
C01606,65,61.910923076923076,429,0
C01607,43,56.91441860465117,390,0
C01608,16,36.091875,360,1
C01609,10,106.06400000000001,121,0
C01610,15,83.81066666666668,377,1
C01611,8,77.0275,380,0
C01613,53,38.45849056603773,136,0
C01614,5,76.69,154,1
C01615,15,36.18533333333333,169,0
C01616,14,105.51428571428572,254,0
C01617,6,54.781666666666666,202,0
C01618,1,50.29,52,1
C01619,11,23.675454545454546,112,1
C01620,10,40.303999999999995,161,1
C01621,19,44.75526315789474,101,1
C01622,26,79.70884615384615,283,0
C01623,13,45.97,159,0
C01624,2,107.82000000000001,43,1
C01625,21,146.37428571428572,275,1
C01626,22,122.20045454545453,133,1
C01627,86,51.12220930232559,425,0
C01628,17,38.199999999999996,155,0
C01629,4,67.50999999999999,21,1
C01630,6,22.39833333333333,238,1
C01631,6,72.59833333333333,274,1
C01632,7,92.98857142857142,244,1
C01633,59,27.65728813559322,382,0
C01634,28,78.00357142857142,345,0
C01635,14,134.6442857142857,337,0
C01636,4,73.0325,37,1
C01637,6,111.27833333333332,275,0
C01638,42,35.247142857142855,428,0
C01639,21,99.46333333333334,323,0
C01640,7,39.19714285714286,193,1
C01641,2,29.85,163,1
C01642,41,53.48341463414634,173,0
C01643,225,33.14706666666667,314,0
C01644,7,45.120000000000005,101,1
C01645,1,14.15,17,1
C01647,23,108.04260869565218,383,0
C01648,67,68.88611940298507,429,0
C01649,5,41.738,204,0
C01650,28,76.3175,275,0
C01651,12,53.20416666666667,137,1
C01652,3,12.076666666666666,120,0
C01653,23,66.69521739130435,410,0
C01654,1,119.0,24,1
C01655,10,49.529,154,1
C01656,1,15.69,48,1
C01657,8,86.8925,291,1
C01658,36,48.17611111111111,323,0
C01659,2,36.0,57,1
C01660,95,42.135263157894734,197,0
C01661,7,29.102857142857143,62,1
C01662,46,65.4445652173913,185,0
C01663,4,68.32499999999999,155,0
C01664,14,36.487857142857145,269,0
C01665,4,82.11,27,1
C01666,6,131.105,395,1
C01667,19,93.39315789473685,184,1
C01668,39,61.82358974358974,201,0
C01669,2,57.845,37,1
C01670,1,47.57,25,1
C01671,39,103.62153846153846,311,0
C01672,12,58.28916666666667,351,0
C01673,14,78.98071428571428,111,1
C01674,25,41.1916,334,0
C01675,26,92.68038461538461,398,0
C01676,19,61.71421052631579,292,1
C01677,13,115.24,161,1
C01678,11,15.628181818181817,53,1
C01679,29,49.566206896551726,263,0
C01680,6,69.26,212,0
C01681,9,41.45111111111111,303,0
C01682,18,48.76111111111111,275,0
C01683,17,32.478235294117646,199,0
C01684,6,133.60666666666665,280,1
C01685,6,173.48,128,1
C01686,2,29.66,3,1
C01687,21,46.25238095238095,215,0
C01688,52,44.26865384615384,414,0
C01689,40,114.32825,418,1
C01690,3,97.12333333333333,30,1
C01691,3,143.86333333333334,24,1
C01692,25,54.35360000000001,371,0
C01693,18,53.05277777777778,160,1
C01694,7,41.60285714285715,110,1
C01695,19,60.02315789473685,95,1
C01697,6,31.058333333333334,350,1
C01698,72,42.38722222222222,437,0
C01699,20,96.16850000000001,287,1
C01700,10,42.465999999999994,404,1
C01701,33,32.709090909090904,193,0
C01702,4,35.665,30,1
C01703,25,20.8392,220,0
C01704,70,32.683571428571426,360,0
C01705,16,75.781875,116,0
C01706,5,40.134,193,0
C01707,30,41.306000000000004,317,0
C01708,2,70.09,72,1
C01709,10,93.338,64,1
C01710,42,50.054047619047616,112,0
C01711,47,39.58531914893617,236,0
C01712,67,55.31507462686567,406,0
C01713,13,54.27846153846154,297,0
C01714,9,57.510000000000005,84,1
C01715,23,126.19217391304348,117,1
C01716,15,56.43066666666667,196,0
C01717,36,83.39555555555555,121,0
C01718,2,69.53,34,1
C01719,5,10.389999999999999,20,1
C01720,82,47.480000000000004,352,0
C01721,15,35.910666666666664,168,1
C01722,61,53.46934426229508,256,0
C01723,61,38.001311475409835,164,0
C01724,122,40.193278688524586,347,0
C01725,23,28.48913043478261,282,0
C01726,62,33.942741935483866,330,0
C01727,39,36.19205128205128,228,0
C01728,4,74.715,418,0
C01729,1,76.15,124,1
C01730,53,63.562452830188676,397,0
C01732,25,42.4304,409,0
C01733,27,41.553333333333335,177,1
C01734,7,152.95857142857145,313,1
C01735,64,39.172343749999996,259,0
C01736,3,204.5566666666667,55,1
C01737,29,50.27172413793104,421,0
C01738,71,84.34267605633802,168,0
C01740,21,88.27190476190476,311,0
C01741,4,66.195,173,1
C01742,18,37.882777777777775,144,0
C01743,73,72.87698630136987,202,0
C01744,4,43.08,316,0
C01745,24,34.57666666666667,441,0
C01746,107,37.811214953271026,414,0
C01747,23,71.17173913043479,322,0
C01748,37,33.097297297297295,268,0
C01749,26,66.76576923076924,133,0
C01750,43,41.336046511627906,402,0
C01751,51,60.525098039215685,113,1
C01754,173,80.79976878612717,261,0
C01755,40,76.0245,159,0
C01756,6,146.03,141,1
C01757,6,25.455,205,0
C01758,7,53.879999999999995,214,0
C01759,7,72.68285714285715,279,1
C01760,6,72.81666666666666,226,0
C01761,6,32.803333333333335,337,0
C01762,7,47.778571428571425,47,1
C01763,47,125.02893617021276,431,1
C01764,5,121.40599999999999,371,0
C01765,38,33.76973684210526,404,0
C01766,22,75.86590909090908,352,0
C01767,38,54.79973684210526,295,0
C01768,26,66.37807692307692,341,1
C01769,47,74.45510638297873,234,0
C01770,12,21.035,377,0
C01773,5,19.396,46,1
C01774,34,68.24205882352942,149,0
C01775,27,92.40925925925924,130,0
C01776,5,67.628,286,1
C01777,39,31.07205128205128,391,0
C01778,6,122.99666666666667,117,0
C01779,21,14.39857142857143,209,0
C01780,76,33.84763157894737,349,0
C01781,28,48.970000000000006,196,0
C01782,4,44.085,111,1
C01783,12,66.325,90,1
C01784,4,72.59,443,0
C01785,21,53.42714285714286,111,0
C01786,1,399.52,20,1
C01787,5,60.262,161,1
C01788,3,20.666666666666668,42,1
C01789,8,66.3675,427,0
C01790,19,155.93526315789472,425,0
C01791,4,87.4975,50,1
C01792,36,41.767222222222216,123,0
C01793,162,54.184259259259264,340,0
C01794,16,74.386875,193,0
C01795,12,66.38333333333334,238,1
C01796,33,80.16303030303031,308,1
C01797,41,21.728536585365855,435,0
C01798,26,95.215,254,0
C01799,4,92.4275,24,1
C01800,8,56.84375,35,1
C01801,12,37.61083333333333,272,0
C01802,6,79.89,311,1
C01803,31,59.82387096774193,370,0
C01804,2,47.334999999999994,246,1
C01805,13,48.44615384615384,410,0
C01806,19,93.20894736842105,412,0
C01807,1,33.06,72,1
C01808,22,60.99454545454546,119,0
C01809,56,38.06321428571429,304,0
C01810,85,33.92082352941176,227,0
C01811,33,88.56454545454545,379,0
C01812,10,41.45100000000001,189,0
C01813,24,56.338750000000005,202,0
C01814,27,41.465185185185184,343,1
C01815,59,75.10593220338983,441,0
C01816,1,92.03,4,1
C01817,14,68.60071428571429,242,0
C01818,20,60.36,385,0
C01819,15,72.08933333333333,373,0
C01820,14,112.295,261,1
C01821,14,35.70142857142857,110,0
C01822,10,69.33000000000001,422,0
C01823,40,37.588,173,0
C01824,6,123.39666666666666,365,1
C01825,44,64.57818181818182,230,0
C01826,36,66.3975,216,0
C01827,66,24.892727272727274,284,0
C01828,16,38.71875,313,0
C01830,6,65.99,414,0
C01831,13,41.43615384615384,229,0
C01832,17,63.77352941176471,153,0
C01833,3,62.74333333333334,421,0
C01834,17,42.5564705882353,265,0
C01835,33,50.950606060606056,316,0
C01836,33,63.587575757575756,217,0
C01837,9,113.49777777777778,360,0
C01838,2,12.95,20,1
C01839,70,89.67485714285714,239,0
C01840,6,58.26666666666667,97,1
C01841,19,20.501052631578947,129,0
C01842,7,48.21,351,1
C01843,18,47.745555555555555,348,1
C01844,20,39.4565,110,0
C01845,8,45.9075,101,1
C01846,15,37.041333333333334,144,0
C01847,14,64.28857142857143,286,1
C01848,6,48.25833333333333,25,1
C01849,21,95.60809523809523,168,0
C01850,43,39.4853488372093,434,0
C01851,26,35.47153846153846,249,1
C01852,21,48.4947619047619,288,0
C01853,8,22.92,69,1
C01854,18,87.46777777777778,121,0
C01855,3,23.833333333333332,385,0
C01856,4,60.457499999999996,29,1
C01857,12,35.0225,351,0
C01858,61,77.39639344262295,325,0
C01859,22,89.20272727272727,360,0
C01860,27,101.98444444444443,408,0
C01861,54,31.18185185185185,235,0
C01862,11,99.22818181818182,278,1
C01863,25,56.6452,415,0
C01864,135,58.74962962962963,394,0
C01865,23,36.24478260869565,294,0
C01867,19,23.922105263157892,332,0
C01868,31,85.35935483870968,293,0
C01869,20,38.6115,287,0
C01870,22,30.684545454545454,78,1
C01871,4,38.1325,34,1
C01872,25,105.05760000000001,235,0
C01873,4,30.947499999999998,405,1
C01874,36,54.83472222222222,404,1
C01875,28,79.16535714285715,343,0
C01876,130,101.77023076923076,117,0
C01877,12,84.53333333333333,237,1
C01878,17,40.08411764705882,353,1
C01879,5,41.044,139,1
C01880,17,19.84470588235294,114,0
C01881,21,65.96761904761904,195,0
C01882,23,50.99434782608696,253,1
C01883,7,32.91857142857143,399,0
C01884,4,22.115000000000002,75,1
C01885,29,63.25,371,1
C01886,16,108.789375,228,0
C01887,44,86.08749999999999,327,0
C01888,2,87.39,53,1
C01889,10,70.959,254,0
C01890,15,44.879333333333335,135,0
C01891,2,86.63499999999999,12,1
C01892,39,109.08410256410255,412,0
C01893,37,49.22891891891892,341,0
C01894,22,57.885,184,1
C01895,12,134.46416666666667,426,1
C01896,1,30.45,1,1
C01897,15,48.964000000000006,398,1
C01898,16,67.321875,110,0
C01899,6,54.026666666666664,233,1
C01900,4,25.1675,396,0
C01901,42,46.379285714285714,251,0
C01902,47,54.43191489361703,162,0
C01903,6,89.125,375,1
C01904,40,79.7045,178,0
C01905,84,43.50511904761905,199,0
C01906,8,47.129999999999995,316,1
C01907,20,42.9145,301,0
C01908,53,39.696603773584904,172,0
C01909,49,53.005714285714284,182,0
C01910,7,75.69714285714285,252,1
C01911,15,16.765333333333334,255,1
C01912,51,32.58725490196078,198,0
C01913,5,33.37,101,1
C01914,36,47.829722222222216,378,0
C01915,14,37.137857142857136,182,0
C01916,3,54.02333333333333,311,1
C01917,22,30.499545454545455,186,0
C01918,10,23.893,248,1
C01919,9,81.77444444444444,397,1
C01920,115,59.20217391304348,207,0
C01921,16,74.358125,187,1
C01922,20,120.51400000000001,241,0
C01923,7,66.43571428571428,133,1
C01924,11,76.95727272727272,52,1
C01925,41,66.59463414634146,189,1
C01926,9,39.214444444444446,355,1
C01927,10,45.717,433,1
C01928,29,97.78206896551725,238,0
C01929,24,42.22833333333333,419,0
C01930,3,87.54,35,1
C01931,14,35.65714285714286,292,1
C01932,115,43.980695652173914,252,0
C01933,20,42.301,174,0
C01934,2,16.415,19,1
C01935,24,35.797916666666666,308,0
C01936,28,41.135,252,0
C01937,19,68.80842105263157,424,1
C01938,1,21.48,8,1
C01939,9,48.50888888888889,399,1
C01940,3,195.6966666666667,333,0
C01941,6,130.01666666666668,376,1
C01942,35,44.343714285714285,211,0
C01943,87,31.698390804597704,376,0
C01944,9,55.17333333333333,219,0
C01945,8,53.24125,96,1
C01946,17,53.21411764705882,374,0
C01947,10,165.759,112,0
C01948,40,42.2745,194,0
C01950,18,47.26611111111111,437,0
C01951,1,8.2,158,1
C01952,2,39.525000000000006,66,1
C01953,54,63.61518518518518,330,0
C01954,1,47.38,9,1
C01955,23,98.09391304347825,260,1
C01956,64,42.8190625,121,0
C01957,21,38.75142857142857,242,0
C01958,28,46.22821428571428,413,0
C01959,4,71.135,36,1
C01960,23,43.31391304347826,409,0
C01961,36,79.24111111111111,337,0
C01962,7,23.67571428571429,349,1
C01963,23,30.030434782608697,127,1
C01964,21,73.07523809523809,380,1
C01965,4,36.4425,35,1
C01966,30,27.327333333333335,115,1
C01967,4,25.125,35,1
C01968,22,94.79,412,0
C01969,17,84.15823529411765,226,0
C01970,4,89.36749999999999,25,1
C01971,6,50.428333333333335,336,1
C01972,20,44.9775,401,0
C01973,40,50.3005,312,0
C01974,79,48.49810126582278,160,0
C01975,55,55.27763636363636,380,0
C01976,32,79.7578125,433,0
C01977,20,52.749,357,1
C01978,5,24.708000000000002,250,0
C01979,15,39.60466666666667,384,0
C01980,99,63.70757575757576,399,0
C01981,33,45.49212121212121,443,0
C01982,17,58.05117647058824,161,0
C01983,7,29.22142857142857,136,0
C01984,6,69.87666666666667,51,1
C01985,30,90.56966666666668,348,0
C01986,92,82.90684782608696,265,0
C01987,5,45.910000000000004,400,0
C01988,51,28.397058823529413,245,0
C01989,13,45.189230769230775,253,0
C01990,7,24.00714285714286,134,1
C01991,54,26.46037037037037,257,1
C01992,2,6.6899999999999995,17,1
C01993,6,63.49666666666667,111,0
C01994,18,60.20277777777778,186,0
C01995,18,111.56777777777778,241,0
C01996,21,18.67095238095238,199,0
C01997,9,65.22111111111111,372,0
C01998,106,40.7927358490566,217,0
C01999,1,17.1,7,1
C02000,17,53.279411764705884,122,1
C02001,19,35.2378947368421,268,0
C02002,12,58.41166666666667,180,0
C02003,74,41.02918918918919,421,0
C02005,9,44.07888888888888,362,1
C02006,28,45.667500000000004,123,1
C02007,37,82.63567567567567,193,0
C02008,46,45.26739130434783,372,0
C02009,33,115.21878787878788,419,0
C02010,29,50.92551724137931,269,1
C02011,19,70.89684210526316,282,0
C02012,67,39.93104477611941,156,0
C02013,13,44.92846153846154,250,0
C02014,153,50.135098039215684,227,0
C02015,8,62.8475,34,1
C02016,14,54.457142857142856,323,0
C02017,29,45.08827586206896,329,0
C02018,16,34.019375,135,0
C02019,53,48.77301886792453,118,0
C02020,8,26.73375,181,1
C02021,14,78.00214285714286,119,0
C02022,4,84.55,230,0
C02023,21,82.79428571428572,211,1
C02024,33,43.801515151515154,279,0
C02025,11,86.98727272727272,181,0
C02026,7,35.18,244,1
C02027,1,104.5,118,1
C02029,6,29.168333333333333,253,1
C02030,163,49.9482208588957,402,0
C02031,25,54.284400000000005,177,0
C02032,19,33.282105263157895,159,0
C02033,16,18.219375,211,1
C02034,22,26.717272727272725,125,1
C02035,19,55.691052631578955,209,0
C02036,43,100.95302325581395,169,0
C02037,35,56.943999999999996,276,0
C02038,36,54.06888888888889,311,0
C02039,19,88.15105263157893,255,0
C02040,166,30.573614457831326,273,0
C02041,25,58.7724,307,1
C02042,47,43.02595744680851,178,0
C02043,1,6.23,9,1
C02044,30,59.47,158,0
C02045,16,33.051249999999996,190,1
C02046,10,68.86699999999999,42,1
C02047,8,35.95125,207,1
C02048,53,60.768490566037734,228,0
C02049,28,80.39142857142858,258,0
C02050,2,32.57,13,1
C02051,18,72.83277777777778,390,1
C02052,15,35.42266666666667,252,0
C02054,12,28.230833333333333,101,1
C02055,20,91.2045,239,1
C02056,4,49.565,43,1
C02057,4,33.815,34,1
C02058,21,45.62952380952381,363,0
C02059,5,32.946,349,1
C02060,12,142.465,429,0
C02061,35,38.55171428571428,392,1
C02062,1,3.01,126,1
C02063,9,16.03222222222222,194,0
C02064,6,57.34333333333333,167,1
C02065,18,80.89222222222222,432,0
C02066,12,92.3,127,1
C02067,3,33.01333333333333,231,1
C02068,10,68.451,276,0
C02069,27,61.11222222222222,350,0
C02070,24,41.64333333333334,389,0
C02071,56,40.650357142857146,297,0
C02072,26,40.98538461538462,384,1
C02073,85,45.25964705882353,128,0
C02074,1,35.79,1,1
C02076,10,131.751,181,1
C02077,9,36.556666666666665,52,1
C02078,37,56.45162162162162,397,0
C02079,63,43.408253968253966,276,0
C02080,3,61.56,10,1
C02081,86,78.69209302325582,145,0
C02082,35,29.065142857142856,341,0
C02083,9,30.526666666666667,327,1
C02084,5,72.86,273,0
C02085,2,69.66,44,1
C02086,12,22.395833333333332,226,1
C02087,7,49.082857142857144,114,1
C02088,14,59.27428571428572,305,0
C02089,5,43.15,55,1
C02090,23,45.99956521739131,134,1
C02091,41,61.61487804878049,425,0
C02092,58,85.35637931034483,239,0
C02093,27,91.24703703703705,114,0
C02094,11,44.75818181818182,136,0
C02095,48,83.955625,269,0
C02096,17,96.93117647058823,258,0
C02097,7,48.74142857142857,373,0
C02099,40,67.03425,309,0
C02100,31,91.43096774193549,159,0
C02101,2,38.41,43,1
C02102,19,29.557894736842105,377,1
C02103,14,35.745714285714286,167,1
C02104,7,30.857142857142858,29,1
C02105,26,44.612307692307695,435,0
C02106,1,162.22,49,1
C02107,7,28.01142857142857,324,0
C02108,36,62.61972222222222,281,0
C02109,6,38.12166666666667,299,1
C02110,27,80.40259259259258,211,0
C02111,14,26.215,311,1
C02112,28,56.29678571428571,400,0
C02113,7,68.78285714285714,395,0
C02115,12,72.28583333333334,327,1
C02116,8,63.33,191,1
C02117,42,76.73857142857143,409,0
C02118,52,29.17596153846154,145,0
C02119,15,56.19333333333334,442,0
C02121,8,22.743750000000002,412,0
C02122,15,56.884,420,0
C02123,11,230.14181818181817,99,1
C02124,37,28.9154054054054,210,1
C02125,41,90.18634146341464,267,0
C02126,6,15.228333333333333,68,1
C02127,83,68.28060240963855,164,0
C02128,25,57.904799999999994,111,1
C02129,12,51.6975,254,0
C02130,8,48.98875,245,0
C02131,16,38.32875,30,1
C02132,45,109.01355555555554,253,0
C02133,4,16.8125,52,1
C02134,53,26.634716981132076,346,0
C02135,24,107.85791666666667,388,0
C02136,31,39.697741935483876,224,0
C02137,5,18.064,84,1
C02138,50,41.669,227,0
C02139,13,68.9723076923077,84,1
C02140,40,42.426,357,0
C02141,25,55.7416,430,0
C02142,1,72.36,23,1
C02143,18,29.128333333333337,395,0
C02144,26,48.90730769230769,258,0
C02145,13,51.48923076923077,193,0
C02146,7,47.37714285714286,290,1
C02147,36,69.84055555555555,397,0
C02148,33,38.65484848484848,270,0
C02149,52,71.07576923076923,381,0
C02150,5,68.918,77,1
C02151,33,47.75333333333334,335,0
C02152,8,134.96375,251,0
C02153,8,26.175,401,0
C02154,4,30.705000000000002,260,0
C02155,9,49.879999999999995,132,1
C02156,151,52.627549668874174,346,0
C02157,14,79.92357142857144,175,0
C02158,22,55.500454545454545,367,0
C02159,1,118.42,29,1
C02160,14,86.375,440,0
C02161,49,65.11265306122449,432,0
C02162,34,64.65970588235294,285,1
C02163,42,44.97,299,0
C02164,2,41.379999999999995,263,0
C02165,74,51.137567567567565,305,0
C02166,43,50.9086046511628,420,0
C02167,3,30.063333333333336,12,1
C02168,11,58.68,199,1
C02169,20,92.078,422,1
C02170,13,35.254615384615384,210,0
C02171,8,74.42125,353,0
C02172,41,70.8539024390244,121,0
C02173,3,38.67333333333333,20,1
C02174,25,108.90559999999999,157,1
C02175,12,58.08833333333333,151,0
C02176,12,77.78583333333333,275,0
C02177,1,70.81,76,1
C02178,2,31.045,400,0
C02179,32,62.4975,267,0
C02180,8,59.4475,272,1
C02181,17,57.76294117647059,254,1
C02182,2,49.925,91,1
C02183,24,59.34791666666666,134,1
C02184,1,57.2,30,1
C02185,4,80.84,13,1
C02186,3,68.77333333333333,97,1
C02187,10,56.092,272,0
C02188,13,57.73307692307692,175,0
C02190,7,36.324285714285715,304,1
C02192,6,56.13666666666666,319,1
C02193,114,46.25710526315789,375,0
C02194,2,32.33,17,1
C02195,11,76.63363636363637,381,1
C02196,69,79.17362318840578,362,0
C02197,3,51.193333333333335,47,1
C02198,8,44.4725,384,1
C02199,16,101.461875,248,1
C02200,16,36.885625000000005,204,0
C02201,3,33.31333333333333,37,1
C02202,9,140.48444444444442,430,0
C02203,35,100.34771428571429,201,1
C02204,125,56.419760000000004,419,0
C02205,1,101.65,32,1
C02207,37,122.78297297297298,250,0
C02208,12,71.43916666666667,162,1
C02209,34,50.366176470588236,134,0
C02210,5,50.22,103,1
C02211,54,34.70666666666667,177,0
C02212,15,44.73799999999999,222,1
C02213,37,49.74945945945946,121,0
C02214,12,53.076666666666675,397,0
C02215,39,69.03051282051283,237,0
C02216,9,100.31888888888889,56,1
C02217,15,42.147333333333336,201,0
C02218,8,47.47875,250,0
C02219,5,42.55200000000001,57,1
C02220,19,100.54684210526317,443,0
C02221,7,119.46714285714286,107,1
C02222,66,59.12409090909091,255,0
C02223,10,69.11800000000001,425,0
C02224,3,51.660000000000004,169,1
C02225,12,79.03750000000001,110,1
C02228,25,59.6224,133,1
C02229,16,70.845,187,1
C02230,8,50.07875,396,0
C02231,35,115.66371428571429,114,0
C02232,19,46.35578947368421,366,1
C02234,25,68.592,376,0
C02235,74,67.4604054054054,287,0
C02236,32,37.4525,348,1
C02237,76,35.265263157894736,165,0
C02238,11,80.49,192,0
C02239,8,41.43625,208,0
C02240,30,41.08266666666667,258,0
C02241,5,30.368000000000002,431,1
C02242,5,62.61,149,1
C02243,9,39.34,258,1
C02244,19,33.22631578947368,364,1
C02245,53,39.678679245283014,189,0
C02246,59,63.8535593220339,361,0
C02247,72,35.20166666666667,206,0
C02248,6,47.21666666666667,315,1
C02249,34,38.04882352941177,369,0
C02250,9,63.658888888888896,195,1
C02251,3,54.21,19,1
C02252,30,78.889,382,0
C02253,19,51.112631578947365,210,0
C02254,20,63.5465,417,0
C02255,5,46.172000000000004,31,1
C02256,96,37.45645833333334,417,0
C02257,9,50.79777777777778,192,1
C02258,21,39.074285714285715,340,0
C02259,4,82.185,65,1
C02260,21,37.79142857142857,172,0
C02261,14,101.43071428571429,224,1
C02262,14,59.423571428571435,300,0
C02263,8,100.7925,171,0
C02264,5,30.818,62,1
C02265,57,47.016666666666666,116,0
C02266,15,17.413333333333334,264,0
C02267,91,93.98923076923077,201,0
C02268,21,60.08238095238095,123,0
C02269,38,78.48342105263157,338,0
C02270,41,82.05048780487806,195,0
C02271,63,71.8868253968254,242,0
C02272,42,46.88880952380952,292,0
C02273,10,27.538999999999998,67,1
C02274,7,107.01714285714286,42,1
C02275,27,96.51814814814814,355,0
C02276,45,41.20155555555555,339,0
C02277,25,50.458,188,0
C02278,38,63.80236842105263,258,0
C02279,9,29.982222222222227,191,1
C02280,18,66.93777777777778,423,0
C02281,31,64.08,174,0
C02282,9,16.03,99,1
C02283,97,69.06463917525772,322,0
C02284,48,62.62916666666666,351,0
C02285,5,95.524,105,1
C02286,18,95.19166666666666,267,1
C02287,2,109.39999999999999,249,1
C02288,24,101.19208333333334,269,0
C02289,5,51.358000000000004,263,1
C02290,6,88.03500000000001,297,0
C02291,51,81.88039215686274,300,0
C02292,71,32.77267605633803,417,0
C02293,72,64.41583333333332,365,0
C02294,13,33.94384615384615,292,0
C02295,45,70.06844444444444,226,0
C02296,19,39.12894736842105,391,0
C02297,6,58.73499999999999,76,1
C02298,12,38.27833333333333,141,1
C02299,8,82.89125,144,1
C02300,3,43.596666666666664,41,1
C02301,12,42.916666666666664,358,1
C02302,7,37.212857142857146,77,1
C02303,34,65.09441176470588,341,0
C02305,2,15.334999999999999,90,1
C02306,36,35.28055555555555,330,0
C02307,29,69.84931034482759,147,1
C02308,26,73.2223076923077,130,0
C02309,1,31.65,17,1
C02310,26,64.39076923076922,187,1
C02311,7,100.79428571428572,214,0
C02312,43,59.69767441860465,301,0
C02313,5,39.368,43,1
C02314,13,64.68846153846154,191,1
C02315,6,73.03500000000001,128,1
C02316,1,50.5,72,1
C02317,7,25.8,126,1
C02318,15,60.080000000000005,136,1
C02319,38,46.68736842105263,138,0
C02320,51,85.15803921568629,206,0
C02321,5,14.274000000000001,119,0
C02322,18,116.4811111111111,351,0
C02323,49,49.460408163265306,423,0
C02324,17,72.48176470588236,341,0
C02325,18,37.79277777777778,381,1
C02326,79,53.98987341772152,393,0
C02327,15,138.91,297,1
C02328,5,54.288,288,1
C02329,15,87.162,399,0
C02330,1,118.56,2,1
C02331,54,51.06685185185185,323,0
C02332,32,86.579375,302,1
C02333,22,56.48681818181819,188,0
C02334,4,31.015,208,1
C02335,7,72.31714285714285,84,1
C02338,89,74.78393258426966,117,0
C02339,29,42.41068965517242,442,0
C02340,18,59.04611111111111,309,0
C02341,11,86.22363636363637,164,1
C02342,8,35.385000000000005,45,1
C02343,30,36.098333333333336,218,0
C02344,46,65.09239130434783,261,0
C02345,1,58.95,27,1
C02346,29,58.77862068965517,242,0
C02347,146,46.27417808219178,257,0
C02348,6,28.71666666666667,343,1
C02349,34,45.80470588235294,341,0
C02350,48,35.3075,423,0
C02351,37,51.365135135135134,337,0
C02352,16,63.900625,248,0
C02353,4,50.99,36,1
C02354,23,56.46434782608696,137,0
C02355,28,70.79035714285713,138,1
C02356,38,131.64157894736843,370,0
C02357,5,64.658,358,1
C02358,20,38.619,117,0
C02359,174,38.65074712643678,429,0
C02360,8,47.63375,247,0
C02361,24,53.29,145,1
C02362,30,39.57833333333333,220,0
C02363,7,43.964285714285715,300,1
C02364,58,182.37224137931034,332,0
C02365,27,27.0762962962963,245,0
C02366,29,53.75310344827586,365,0
C02367,1,18.21,71,1
C02368,6,10.334999999999999,67,1
C02369,70,68.20028571428573,401,0
C02370,5,15.413999999999998,397,1
C02371,9,39.93666666666667,187,0
C02372,10,53.701,172,1
C02373,4,17.87,276,1
C02374,3,59.123333333333335,25,1
C02375,18,64.135,228,0
C02376,20,47.6625,219,1
C02377,22,56.34136363636364,364,0
C02378,10,68.098,350,1
C02379,26,38.56076923076923,258,0
C02380,25,41.076,273,0
C02381,9,64.8111111111111,249,0
C02382,7,35.87714285714286,293,1
C02383,28,79.56285714285715,378,1
C02384,22,20.35181818181818,290,0
C02385,16,125.890625,269,0
C02386,53,50.204905660377364,397,0
C02387,1,72.01,21,1
C02389,2,31.755,10,1
C02390,18,48.48388888888889,119,0
C02391,30,55.92133333333333,380,0
C02392,7,6.948571428571428,374,1
C02393,13,46.81923076923077,267,1
C02394,2,72.28,16,1
C02395,18,53.46611111111111,424,0
C02396,24,37.36708333333333,408,1
C02397,24,66.73125,162,1
C02398,12,54.26416666666666,173,1
C02399,23,28.414347826086956,379,1
C02400,11,101.27999999999999,322,0
C02401,11,56.91454545454545,267,1
C02402,14,36.35142857142857,397,0
C02403,25,68.9184,245,1
C02404,43,32.23511627906977,222,0
C02405,10,72.51599999999999,231,0
C02406,27,78.47185185185184,141,0
C02407,8,60.53375,331,0
C02408,1,40.39,28,1
C02410,11,42.40909090909091,303,1
C02411,21,48.450476190476195,342,0
C02412,7,57.145714285714284,127,0
C02413,22,52.541818181818186,224,1
C02414,37,117.8081081081081,258,0
C02415,17,68.22235294117647,235,0
C02416,18,73.36166666666666,411,0
C02417,1,11.81,19,1
C02418,2,44.745000000000005,184,1
C02419,36,66.64083333333333,260,0
C02420,64,75.12015625,345,0
C02421,26,122.37961538461538,333,0
C02423,7,26.777142857142856,343,1
C02424,5,59.652,169,1
C02425,12,31.155,240,1
C02426,7,35.93571428571429,344,0
C02427,32,52.0578125,131,0
C02428,2,162.405,7,1
C02429,4,42.0125,378,0
C02430,3,24.993333333333336,236,1
C02431,4,39.29,57,1
C02432,5,23.242,322,0
C02433,14,56.735,392,0
C02435,5,37.188,106,1
C02436,34,44.29764705882353,197,0
C02437,6,32.10333333333333,141,1
C02438,17,54.112941176470585,364,1
C02439,11,75.03545454545454,181,1
C02440,29,53.59620689655172,298,1
C02441,17,33.15529411764706,293,0
C02442,30,74.028,104,1
C02443,1,78.94,4,1
C02444,48,81.55979166666667,227,0
C02445,40,79.62525000000001,109,1
C02446,43,74.00395348837209,132,0
C02447,21,36.91809523809523,101,1
C02448,17,30.16411764705882,404,0
C02449,49,123.0330612244898,217,0
C02450,24,51.50125,388,1
C02451,24,40.04333333333333,237,0
C02452,41,81.64951219512196,334,1
C02453,28,93.0,220,0
C02454,10,50.06,197,1
C02455,61,72.6139344262295,295,0
C02456,2,18.275,208,1
C02457,1,131.44,29,1
C02458,41,60.3480487804878,238,0
C02459,24,65.81958333333333,370,0
C02460,14,41.449285714285715,112,0
C02461,2,73.95,28,1
C02462,69,70.66840579710144,333,0
C02464,49,55.36285714285714,119,0
C02465,17,170.57941176470587,411,0
C02466,7,60.521428571428565,315,1
C02467,6,51.074999999999996,29,1
C02468,6,42.501666666666665,113,1
C02469,20,45.99249999999999,195,1
C02470,6,31.156666666666666,44,1
C02471,25,36.949600000000004,195,0
C02472,4,13.16,104,1
C02473,184,68.68385869565218,199,0
C02474,7,25.25714285714286,385,1
C02475,19,68.09894736842105,151,1
C02476,10,71.70500000000001,101,1
C02477,3,26.993333333333336,22,1
C02478,109,68.97522935779817,123,0
C02479,7,60.924285714285716,207,1
C02480,19,134.6263157894737,129,0
C02481,7,28.43285714285714,184,0
C02482,6,45.75833333333333,352,0
C02483,2,16.365000000000002,332,0
C02484,16,66.82187499999999,144,1
C02485,7,66.56714285714285,369,1
C02486,35,26.228,316,1
C02487,4,36.865,44,1
C02488,3,52.29333333333333,25,1
C02489,84,77.47357142857143,241,0
C02490,4,19.965,166,1
C02491,27,39.34,241,0
C02492,49,51.24816326530612,129,0
C02494,79,111.03443037974682,336,0
C02495,14,46.96142857142858,241,1
C02496,94,37.375,402,0
C02497,13,108.78461538461539,339,0
C02498,52,59.831346153846155,419,0
C02499,1,13.09,2,1
C02500,4,36.8225,124,1
C02501,64,97.66437499999999,369,0
C02502,47,51.79872340425532,297,0
C02503,37,32.137027027027024,166,0
C02504,29,59.164482758620686,127,1
C02505,68,65.10823529411765,382,0
C02506,8,51.30875,195,1
C02507,4,100.5075,180,0
C02508,15,88.312,107,1
C02509,10,73.09,259,1
C02510,11,97.61363636363636,123,0
C02511,33,127.74242424242425,112,0
C02512,24,77.85458333333334,325,0
C02513,1,11.8,42,1
C02514,1,12.15,1,1
C02515,22,38.151818181818186,164,0
C02516,13,54.18615384615385,363,0
C02517,38,67.1821052631579,133,0
C02518,23,61.63913043478261,271,0
C02519,18,77.32222222222222,267,0
C02520,7,68.79142857142857,30,1
C02521,15,8.082,268,0
C02522,5,69.248,297,0
C02523,33,47.44060606060606,169,0
C02524,18,66.33111111111111,414,1
C02525,6,40.656666666666666,428,0
C02526,10,47.771,257,1
C02527,71,67.7005633802817,261,0
C02528,57,19.8540350877193,218,0
C02529,39,63.579487179487174,185,0
C02530,3,35.29333333333333,15,1
C02531,1,191.41,51,1
C02532,10,41.015,226,0
C02533,32,45.027187500000004,301,0
C02534,14,19.247142857142855,128,0
C02535,44,28.10159090909091,281,1
C02536,9,57.589999999999996,305,1
C02537,20,33.8515,292,0
C02538,10,52.117000000000004,222,0
C02539,42,119.98071428571427,292,0
C02540,9,48.66333333333333,255,0
C02541,30,54.23233333333334,428,0
C02542,7,49.10142857142857,225,0
C02543,3,88.20333333333333,47,1
C02544,113,46.251769911504425,360,0
C02545,16,39.141875,360,0
C02546,72,54.63263888888889,412,0
C02547,64,66.6946875,422,0
C02549,1,108.13,2,1
C02550,27,67.02592592592593,270,0
C02551,2,50.035,77,1
C02552,45,97.05733333333333,369,0
C02553,5,26.889999999999997,257,0
C02554,9,26.355555555555554,314,1
C02555,3,73.43666666666667,60,1
C02556,24,116.91958333333334,307,0
C02557,10,33.859,63,1
C02558,10,71.285,187,0
C02559,7,62.06142857142857,233,0
C02560,32,39.3125,184,0
C02561,6,55.19,246,0
C02562,16,42.891875,199,0
C02563,29,35.3048275862069,388,1
C02564,19,96.03315789473683,103,1
C02565,26,42.06461538461539,247,0
C02566,34,53.10058823529412,159,0
C02567,7,55.470000000000006,350,1
C02568,14,78.28999999999999,213,1
C02569,16,40.929375,222,0
C02570,19,44.578421052631576,363,0
C02571,9,40.33444444444444,161,1
C02572,15,30.921333333333333,295,1
C02573,19,68.49,160,0
C02574,33,35.198484848484846,354,0
C02575,11,26.13090909090909,136,1
C02576,62,37.15870967741936,411,0
C02577,13,71.04615384615384,178,0
C02578,14,32.945,429,0
C02579,11,46.82181818181818,75,1
C02580,14,52.825714285714284,183,0
C02582,11,44.766363636363636,370,0
C02583,5,119.94000000000001,118,1
C02584,7,88.68571428571428,132,1
C02586,142,58.34640845070423,235,0
C02589,1,45.14,36,1
C02590,38,49.49236842105263,383,1
C02591,63,50.95126984126984,422,0
C02592,3,37.88999999999999,55,1
C02593,23,91.53347826086956,435,0
C02594,5,67.97999999999999,381,1
C02595,28,40.721428571428575,291,0
C02596,7,62.33571428571428,258,1
C02597,18,72.92777777777778,425,0
C02598,17,32.51176470588236,297,0
C02599,23,27.64434782608696,116,1
C02600,7,25.988571428571426,96,1
C02601,10,73.05699999999999,181,1
C02602,8,109.2325,158,1
C02603,26,54.99115384615384,145,1
C02604,26,71.615,308,1
C02605,1,29.19,57,1
C02606,17,37.39588235294118,329,0
C02607,76,58.25407894736843,272,0
C02608,41,53.50487804878048,329,0
C02609,4,68.4675,379,0
C02610,26,56.25884615384616,229,0
C02611,1,25.74,20,1
C02612,12,80.88166666666667,202,1
C02614,13,28.636153846153846,314,0
C02615,17,64.46235294117646,179,0
C02616,83,41.50831325301205,153,0
C02617,20,79.15400000000001,430,1
C02618,16,27.991875,410,0
C02619,8,27.74625,333,1
C02620,7,59.298571428571435,225,1
C02621,2,20.855,90,1
C02622,3,14.333333333333334,193,0
C02623,36,43.5225,359,0
C02624,7,53.88428571428572,62,1
C02625,13,68.40769230769232,305,0
C02626,37,47.12378378378378,287,0
C02627,42,57.96523809523809,116,0
C02628,6,33.37166666666666,176,1
C02629,31,74.94612903225806,236,0
C02630,17,67.70941176470588,269,0
C02631,63,87.47412698412698,357,0
C02632,57,49.95631578947368,312,0
C02633,8,82.16875,257,0
C02634,29,44.472068965517245,252,0
C02635,122,51.592540983606554,308,0
C02636,92,64.60619565217391,263,0
C02637,7,54.83,251,0
C02638,3,55.910000000000004,368,1
C02639,17,54.241764705882346,274,0
C02640,22,38.37045454545454,423,0
C02641,34,72.29882352941176,130,0
C02642,25,49.976400000000005,191,0
C02643,15,41.13333333333333,178,0
C02644,51,94.96784313725489,240,0
C02646,14,52.048571428571435,310,1
C02647,10,34.297000000000004,414,0
C02648,9,99.18555555555555,248,1
C02649,7,55.527142857142856,83,1
C02650,38,64.72315789473684,226,0
C02651,37,85.89540540540541,276,1
C02652,5,25.778,427,1
C02653,30,49.611000000000004,195,0
C02654,12,71.42083333333333,373,1
C02655,182,34.09098901098901,190,0
C02656,18,23.524444444444445,261,0
C02657,3,33.10333333333333,89,1
C02658,83,76.37132530120482,170,0
C02659,14,86.68214285714285,137,0
C02660,18,39.42333333333333,152,0
C02661,3,61.63666666666666,247,1
C02662,27,59.523703703703696,195,0
C02663,11,100.87545454545456,259,1
C02664,25,69.3616,126,0
C02665,5,29.676,203,1
C02666,5,54.714,269,1
C02667,17,21.73294117647059,140,1
C02668,3,6.136666666666667,61,1
C02669,23,26.979565217391308,439,0
C02670,28,44.262499999999996,92,1
C02671,22,47.32545454545455,103,1
C02672,9,39.93555555555556,111,1
C02673,4,34.485,221,0
C02674,34,52.20617647058823,166,0
C02675,10,47.364999999999995,118,1
C02676,30,52.730333333333334,439,0
C02677,44,34.747727272727275,207,0
C02678,35,35.82057142857143,225,1
C02679,11,126.5809090909091,234,0
C02680,14,104.28642857142857,226,1
C02681,2,85.035,140,1
C02682,60,73.01766666666666,185,0
C02683,8,42.565,338,1
C02684,4,42.32,43,1
C02685,44,75.5865909090909,247,0
C02686,6,22.036666666666665,175,1
C02687,30,41.467,301,0
C02688,4,62.7425,352,0
C02689,27,52.50296296296296,416,1
C02690,4,18.2375,75,1
C02691,33,72.3630303030303,141,0
C02692,4,39.105,29,1
C02693,20,104.01199999999999,65,1
C02694,67,85.06597014925373,263,0
C02695,3,62.48,39,1
C02696,11,38.74909090909091,323,0
C02698,40,32.73125,341,0
C02699,9,46.601111111111116,322,0
C02700,67,80.93462686567165,188,0
C02702,9,54.89555555555555,199,1
C02703,1,182.85,2,1
C02704,6,30.238333333333333,324,1
C02705,8,83.28375,256,1
C02706,131,55.191908396946566,167,0
C02707,22,122.78272727272726,393,0
C02708,6,78.12,71,1
C02709,62,36.10306451612903,175,0
C02710,18,24.206666666666667,357,0
C02711,82,43.805975609756096,363,0
C02712,64,89.33703125,153,0
C02713,5,71.308,146,1
C02714,8,41.8925,124,1
C02715,12,65.66,331,1
C02716,13,98.82615384615384,371,0
C02717,13,69.98,220,1
C02718,24,42.6275,388,0
C02719,36,111.44888888888889,198,0
C02720,41,49.49585365853658,287,0
C02722,20,82.976,368,1
C02723,34,50.45529411764706,376,0
C02724,59,67.2693220338983,377,0
C02725,17,65.04,183,0
C02726,147,55.42687074829932,117,0
C02727,23,31.00913043478261,406,0
C02728,14,54.879999999999995,273,0
C02729,6,155.36333333333334,58,1
C02730,11,103.5990909090909,181,0
C02731,57,85.99947368421053,164,0
C02732,17,22.995882352941177,156,0
C02733,18,38.63444444444444,323,1
C02734,27,43.77518518518519,213,0
C02735,12,65.70583333333333,319,0
C02736,22,29.811818181818182,151,0
C02737,6,77.38333333333333,407,1
C02738,29,63.971724137931034,377,0
C02739,22,66.65590909090909,372,0
C02740,20,52.2495,368,0
C02741,2,79.925,92,1
C02742,33,49.265757575757576,223,0
C02743,16,31.453125,149,0
C02744,12,80.58083333333333,329,0
C02745,27,130.30481481481482,226,1
C02746,28,40.80464285714286,117,0
C02747,42,17.549047619047617,210,0
C02748,15,34.40266666666666,285,0
C02749,46,44.435434782608695,216,0
C02750,16,23.87375,210,0
C02751,28,56.84892857142857,369,0
C02752,3,18.59,22,1
C02753,34,64.97176470588235,384,0
C02754,1,43.91,15,1
C02755,42,52.211190476190474,246,0
C02756,5,119.008,120,1
C02757,19,31.041052631578946,411,0
C02758,19,70.03631578947369,118,1
C02759,17,126.02352941176471,238,0
C02760,9,90.55222222222223,141,1
C02761,10,70.475,218,0
C02762,14,57.26357142857143,123,1
C02763,44,97.92090909090908,267,0
C02764,24,96.49874999999999,378,0
C02765,9,55.992222222222225,271,0
C02766,30,58.42033333333333,369,0
C02768,17,48.32470588235294,312,1
C02769,25,60.088,168,0
C02770,4,140.19,61,1
C02771,2,95.775,62,1
C02772,20,82.087,378,1
C02773,20,58.611000000000004,434,0
C02774,2,27.28,6,1
C02775,22,82.15227272727272,240,0
C02776,21,68.63619047619048,305,0
C02777,3,134.97333333333333,347,1
C02779,87,37.96287356321839,242,0
C02780,19,68.33157894736841,336,0
C02781,2,247.185,17,1
C02782,29,55.19103448275862,374,0
C02783,31,43.65774193548388,243,0
C02784,2,34.575,315,1
C02785,11,41.098181818181814,156,1
C02786,7,25.639999999999997,304,1
C02787,23,40.89391304347826,325,0
C02788,38,45.31605263157895,335,0
C02789,42,105.54452380952381,240,0
C02790,27,58.964444444444446,185,0
C02791,5,55.153999999999996,384,1
C02792,6,45.76666666666667,386,0
C02793,9,52.49888888888889,233,1
C02794,2,66.905,36,1
C02795,95,63.961263157894734,327,0
C02796,97,55.10412371134021,299,0
C02797,57,41.247894736842106,272,0
C02798,34,71.67029411764706,289,0
C02799,47,25.031702127659575,143,0
C02800,23,66.05347826086957,150,0
C02801,15,52.55466666666667,416,0
C02802,18,82.20722222222223,361,1
C02803,11,60.11272727272728,166,1
C02804,3,30.97666666666667,120,1
C02805,35,78.86085714285714,285,0
C02806,9,74.95222222222222,259,0
C02808,39,32.34025641025641,434,0
C02810,8,26.845,171,1
C02811,57,51.21333333333333,380,0
C02812,17,31.48294117647059,398,0
C02813,22,76.67363636363636,321,0
C02814,5,52.80800000000001,377,1
C02815,36,65.525,175,0
C02816,41,67.79170731707318,357,0
C02817,15,85.72133333333333,265,0
C02818,4,43.01,106,1
C02819,3,43.10999999999999,15,1
C02820,10,46.991,234,1
C02821,75,72.46093333333333,212,1
C02822,11,44.586363636363636,110,0
C02823,48,43.76500000000001,356,0
C02824,7,66.35857142857142,236,1
C02825,54,89.79555555555555,300,0
C02826,69,33.9491304347826,176,0
C02827,10,30.939,111,1
C02828,3,58.38999999999999,45,1
C02829,26,58.485769230769236,364,1
C02830,34,77.63029411764705,252,0
C02831,13,63.14923076923076,300,0
C02832,155,48.79225806451613,130,0
C02833,3,32.516666666666666,259,1
C02834,17,65.93823529411765,422,0
C02835,63,60.455396825396825,226,0
C02836,14,73.42428571428572,391,1
C02837,43,55.52139534883721,251,0
C02838,54,47.156666666666666,148,0
C02839,34,58.91823529411765,361,0
C02840,26,23.72153846153846,420,1
C02841,22,44.45409090909091,316,0
C02842,13,20.063846153846153,316,1
C02843,2,91.255,22,1
C02844,25,52.4512,327,1
C02845,6,59.75333333333334,243,0
C02846,19,53.99526315789474,360,0
C02847,92,49.66597826086957,328,0
C02848,8,51.9,200,0
C02849,17,40.66882352941177,155,0
C02850,39,47.9825641025641,147,0
C02851,3,22.21666666666667,227,1
C02852,19,70.03473684210526,200,1
C02853,12,31.26,437,0
C02854,7,22.225714285714286,299,0
C02855,3,74.88666666666667,98,1
C02856,40,57.7365,256,0
C02857,23,41.14,135,1
C02858,74,33.866621621621626,443,0
C02859,13,65.77846153846154,193,0
C02860,12,65.17333333333333,377,1
C02861,21,39.640952380952385,379,0
C02862,25,60.722,263,0
C02863,33,35.11424242424243,211,0
C02864,8,59.919999999999995,299,1
C02865,95,90.16494736842105,259,0
C02866,56,95.5307142857143,192,0
C02867,5,39.596,219,0
C02868,4,80.6725,384,0
C02869,5,81.676,310,0
C02870,7,64.32857142857142,320,1
C02871,42,81.46190476190476,282,0
C02872,70,41.63685714285714,436,0
C02873,7,145.64857142857142,191,1
C02874,56,66.78285714285714,172,0
C02875,76,84.38368421052631,182,0
C02876,6,61.04333333333333,360,0
C02877,20,55.867,233,0
C02878,45,34.846666666666664,230,0
C02879,29,74.45241379310345,376,1
C02880,36,68.59972222222223,229,0
C02881,6,41.949999999999996,407,1
C02882,19,125.70736842105264,266,1
C02883,57,107.71596491228071,395,0
C02884,6,64.58166666666666,374,0
C02885,6,3.9133333333333336,362,1
C02886,4,79.03999999999999,226,1
C02887,3,40.75333333333334,89,1
C02888,9,44.75,168,1
C02889,15,48.423333333333325,237,1
C02890,6,91.21833333333332,292,1
C02891,17,37.86764705882353,418,0
C02892,48,50.01624999999999,336,0
C02893,23,23.014347826086958,429,1
C02894,42,46.48380952380952,331,0
C02895,3,43.14666666666667,35,1
C02896,1,58.01,36,1
C02897,10,59.63100000000001,171,1
C02898,13,31.62230769230769,354,1
C02899,25,66.0552,111,0
C02900,23,56.38739130434783,234,0
C02901,99,33.28757575757576,219,0
C02902,40,35.405,195,0
C02903,6,81.87666666666667,110,1
C02904,27,59.589259259259265,236,0
C02905,40,132.166,364,0
C02906,9,61.64111111111111,292,0
C02907,6,36.88,125,0
C02908,12,61.88916666666666,171,0
C02909,6,39.041666666666664,267,0
C02910,2,75.16,82,1
C02911,44,64.30227272727274,144,0
C02912,10,48.202999999999996,376,0
C02913,21,41.70857142857143,160,1
C02914,126,84.46706349206349,159,0
C02915,8,54.10875,330,1
C02916,31,55.049354838709675,258,0
C02917,30,59.318999999999996,434,0
C02918,19,39.28368421052632,413,0
C02919,8,97.72749999999999,157,1
C02920,32,56.3034375,281,0
C02921,13,67.5723076923077,309,1
C02922,15,69.79133333333333,433,0
C02923,15,77.462,144,0
C02924,41,53.77292682926829,325,0
C02925,2,27.2,6,1
C02926,5,74.07199999999999,103,1
C02928,23,48.02173913043478,441,0
C02929,14,21.877857142857145,112,1
C02930,68,47.152499999999996,283,0
C02931,10,32.308,156,0
C02932,41,32.45756097560976,124,0
C02933,4,39.167500000000004,134,1
C02934,128,90.394609375,135,0
C02935,3,53.11000000000001,343,1
C02936,21,112.82904761904761,190,1
C02937,33,43.68242424242424,341,0
C02938,82,39.113414634146345,130,0
C02939,55,62.58145454545455,416,0
C02941,106,65.53009433962264,385,0
C02942,8,40.01625,266,0
C02943,2,31.015,9,1
C02944,47,70.59489361702127,241,0
C02945,30,60.843666666666664,420,0
C02946,15,64.50733333333334,137,0
C02947,4,79.6325,63,1
C02948,7,37.52428571428572,115,1
C02949,7,72.12428571428572,174,1
C02950,3,35.29666666666667,21,1
C02951,18,48.85111111111111,271,0
C02952,2,74.14,139,1
C02953,13,43.10153846153847,181,0
C02954,26,26.855384615384615,196,0
C02955,66,81.07787878787879,371,0
C02956,9,21.113333333333333,307,1
C02957,7,48.00857142857143,262,0
C02958,6,78.23666666666666,249,1
C02959,8,59.435,170,0
C02960,89,49.94438202247191,377,0
C02961,43,47.78395348837209,371,0
C02962,12,38.92166666666667,269,1
C02964,28,59.81642857142857,232,1
C02965,45,58.203111111111106,202,0
C02966,11,68.73272727272727,186,1
C02967,54,67.79277777777777,350,0
C02968,5,97.87,179,1
C02969,6,34.865,337,1
C02970,29,25.09896551724138,346,0
C02971,27,76.29666666666668,421,0
C02972,30,81.73166666666665,284,1
C02973,23,58.223913043478255,250,0
C02974,1,78.78,10,1
C02975,6,50.946666666666665,112,1
C02976,16,120.334375,411,0
C02977,12,72.6975,220,1
C02978,10,37.31699999999999,241,1
C02979,11,58.38727272727272,152,0
C02980,3,67.98333333333333,28,1
C02981,58,55.89086206896552,404,0
C02982,2,68.985,36,1
C02983,14,61.72642857142857,270,1
C02984,51,27.909803921568628,427,0
C02985,22,58.44318181818182,215,0
C02987,21,57.31666666666666,287,1
C02988,3,60.416666666666664,367,1
C02989,20,63.2645,146,0
C02990,39,109.30410256410255,399,1
C02991,10,54.537,140,1
C02992,21,89.50285714285714,126,0
C02993,11,136.22727272727272,386,0
C02994,27,74.2311111111111,416,0
C02995,22,29.252727272727274,168,0
C02996,20,78.978,292,0
C02997,19,31.232105263157894,105,1
C02998,38,60.070263157894736,148,0
C02999,113,47.041858407079644,301,0
C03001,1,26.12,1,1
C03002,1,28.21,1,1
C03010,1,4.73,1,1
C03011,1,50.66,1,1
C03013,1,35.85,1,1
C03014,1,8.09,1,1
C03018,2,71.64,1,1
C03024,1,3.3,1,1
C03026,1,46.09,1,1
C03032,1,90.11,1,1
C03035,1,103.21,1,1
C03036,4,27.267500000000002,57,1
C03038,2,15.355,1,1
C03039,1,133.94,1,1
C03040,1,15.38,1,1
C03041,1,20.59,1,1
C03043,2,24.509999999999998,1,1
C03053,1,41.97,1,1
C03054,1,49.49,1,1
C03056,1,24.57,1,1
C03058,1,7.41,1,1
C03061,1,16.69,1,1
C03062,2,62.575,71,0
C03064,1,29.37,1,1
C03065,1,37.13,1,1
C03066,2,89.16999999999999,71,0
C03067,1,136.53,1,1
C03073,2,32.48,1,1
C03076,1,4.21,1,1
C03083,1,21.17,1,1
C03084,1,66.3,1,1
C03085,2,153.89,68,0
C03096,1,8.64,1,1
C03102,1,64.67,1,1
C03105,1,326.03,1,1
C03107,1,19.12,1,1
C03109,1,51.52,1,1
C03110,1,68.75,1,1
C03112,1,12.25,1,1
C03121,1,11.5,1,1
C03123,1,83.76,1,1
C03127,1,1.98,1,1
C03131,1,53.93,1,1
C03132,1,6.41,1,1
C03134,3,96.93666666666667,56,1
C03141,1,63.49,1,1
C03142,3,92.5,61,0
C03144,1,50.73,1,1
C03145,1,15.03,1,1
C03147,1,84.58,1,1
C03148,1,7.06,1,1
C03150,1,142.8,1,1
C03151,1,15.88,1,1
C03157,1,57.83,1,1
C03163,1,68.58,1,1
C03170,1,87.14,1,1
C03174,1,27.55,1,1
C03175,1,35.06,1,1
C03187,1,18.49,1,1
C03198,1,31.8,1,1
C03201,1,101.86,1,1
C03202,1,62.25,1,1
C03207,1,44.12,1,1
C03213,2,28.8,1,1
C03217,1,115.59,1,1
C03218,2,32.61,1,1
C03221,1,69.99,1,1
C03228,1,130.64,1,1
C03231,1,18.52,1,1
C03232,3,16.473333333333333,50,0
C03233,1,25.0,1,1
C03235,4,45.2575,9,1
C03237,2,33.095,1,1
C03248,1,49.05,1,1
C03257,2,34.975,46,0
C03258,1,12.1,1,1
C03259,1,60.15,1,1
C03263,3,34.25333333333333,45,0
C03266,2,155.875,1,1
C03268,3,28.233333333333334,44,0
C03270,1,23.58,1,1
C03271,1,84.53,1,1
C03283,1,34.92,1,1
C03287,2,126.875,1,1
C03288,1,58.01,1,1
C03291,1,63.25,1,1
C03295,4,51.864999999999995,24,1
C03297,3,80.91666666666667,40,0
C03299,2,216.33,1,1
C03305,3,17.673333333333332,33,1
C03308,1,120.69,1,1
C03312,2,52.61,1,1
C03314,1,82.35,1,1
C03326,1,28.37,1,1
C03327,2,36.965,1,1
C03331,1,90.07,1,1
C03334,1,29.29,1,1
C03337,1,6.48,1,1
C03339,1,41.27,1,1
C03340,1,34.92,1,1
C03347,1,109.88,1,1
C03348,1,10.11,1,1
C03354,1,84.1,1,1
C03357,1,48.15,1,1
C03358,1,29.39,1,1
C03360,2,23.845,31,0
C03363,1,85.3,1,1
C03366,2,7.34,30,0
C03369,1,76.45,1,1
C03372,1,25.72,1,1
C03373,1,45.68,1,1
C03377,1,23.5,1,1
C03380,1,5.03,1,1
C03383,1,183.97,1,1
C03388,1,6.71,1,1
C03392,1,60.38,1,1
C03400,1,157.66,1,1
C03401,1,63.57,1,1
C03407,1,11.06,1,1
C03410,1,19.87,1,1
C03411,1,57.66,1,1
C03413,1,55.71,1,1
C03420,2,35.82,22,0
C03422,1,21.68,1,1
C03423,2,31.619999999999997,1,1
C03424,1,27.3,1,1
C03426,1,67.83,1,1
C03428,1,41.49,1,1
C03429,1,8.68,1,1
C03432,1,13.44,1,1
C03438,2,34.18,1,1
C03445,1,75.15,1,1
C03448,1,45.36,1,1
C03450,1,49.97,1,1
C03452,1,57.38,1,1
C03459,1,177.15,1,1
C03461,2,214.67,1,1
C03463,1,63.37,1,1
C03469,1,78.67,1,1
C03472,5,102.066,16,0
C03476,1,258.65,1,1
C03485,1,50.14,1,1
C03487,1,49.22,1,1
C03491,1,12.32,1,1
C03492,1,18.8,1,1
C03493,2,80.99499999999999,5,1
C03501,1,72.31,1,1
C03511,1,0.71,1,1
C03512,1,109.42,1,1
C03513,2,17.17,1,1
C03516,2,101.53999999999999,9,0
C03521,1,19.07,1,1
C03523,1,22.29,1,1
C03525,1,20.93,1,1
C03528,1,39.42,1,1
C03534,1,27.06,1,1
C03536,1,9.8,1,1
C03541,1,11.5,1,1
C03542,1,14.95,1,1
C03546,1,23.28,1,1
C03556,1,9.75,1,1
C03559,1,9.14,1,1
C03560,1,21.23,1,1
C03561,1,16.84,1,1
C03563,2,36.275,4,0
C03564,1,17.3,1,1
C03570,1,19.43,1,1
C03571,1,3.28,1,1
C03577,1,81.26,1,1
C03578,1,24.61,1,1
C03581,1,79.36,1,1
C03589,1,159.58,1,1
C03590,1,19.09,1,1
C03591,1,54.57,1,1
C03592,1,72.46,1,1
C03594,1,38.31,1,1
C03595,1,93.25,1,1
C03599,1,16.79,1,1
C03605,1,97.33,1,0
C03608,1,222.88,1,0
C03612,1,193.37,1,0
C03622,1,58.23,1,0
C03623,3,59.836666666666666,1,0
C03626,1,222.82,1,0
C03627,1,61.68,1,0
C03635,1,118.81,1,0
C03637,2,30.175,1,0
C03639,1,6.76,1,0
C03642,1,27.14,1,0
C03646,1,55.34,1,0
C03650,1,91.02,1,0
C03651,1,32.41,1,0
C03655,1,46.52,1,0
C03659,1,100.48,1,0
C03663,1,71.94,1,0
C03668,1,12.27,1,0
C03670,1,113.32,1,0
C03679,1,83.9,1,0
C03686,1,187.48,1,0
C03687,1,166.75,1,0
C03688,2,19.775,1,0
C03690,1,91.37,1,0
C03692,2,62.165,1,0
C03694,2,62.504999999999995,1,0
C03695,1,72.94,1,0
C03697,2,33.3,1,0
C03703,1,20.5,1,0
C03707,1,43.24,1,0
C03708,1,12.1,1,0
C03709,2,39.98,1,0
C03710,1,78.17,1,0
C03717,1,36.89,1,0
C03719,1,29.58,1,0
C03720,1,11.8,1,0
C03723,1,124.01,1,0
C03724,1,118.27,1,0
C03727,2,39.89,1,0
C03728,1,46.83,1,0
C03731,1,19.97,1,0
C03734,1,63.24,1,0
C03735,1,77.22,1,0
C03737,1,7.56,1,0
C03742,1,16.84,1,0
C03746,4,81.485,1,0
C03747,2,46.695,1,0
C03750,1,137.0,1,0
C03754,2,62.965,1,0
C03758,1,7.85,1,0
C03760,1,32.15,1,0
C03768,1,61.69,1,0
C03771,1,23.3,1,0
C03778,1,255.22,1,0
C03779,1,9.6,1,0
C03784,1,8.88,1,0
C03786,1,63.42,1,0
C03787,2,85.45500000000001,1,0
C03788,1,39.12,1,0
C03790,1,22.01,1,0
C03791,1,35.95,1,0
C03792,3,75.04666666666667,1,0
C03796,1,137.64,1,0
C03798,1,62.74,1,0
C03801,3,66.98,1,0
C03804,1,14.34,1,0
C03805,1,84.43,1,0
C03806,1,15.89,1,0
C03808,1,29.87,1,0
C03812,1,15.23,1,0
C03813,1,99.15,1,0
C03815,2,110.92,1,0
C03817,3,84.68666666666665,1,0
C03819,1,11.2,1,0
C03824,1,74.9,1,0
C03827,1,3.64,1,0
C03828,1,38.82,1,0
C03839,1,7.31,1,0
C03842,1,14.81,1,0
C03855,1,63.31,1,1
C03858,1,7.7,1,1
C03859,1,285.37,1,1
C03861,1,25.28,1,1
C03862,1,6.89,1,1
C03873,1,51.82,1,1
C03874,1,3.92,1,1
C03876,1,26.48,1,1
C03888,1,71.72,1,1
C03890,1,64.67,1,1
C03894,1,41.38,1,1
C03895,1,47.81,1,1
C03898,1,39.19,1,1
C03900,1,48.7,1,1
C03901,1,55.51,1,1
C03905,1,7.11,1,1
C03922,2,48.135,1,1
C03923,1,4.85,1,1
C03928,1,38.43,1,1
C03930,1,52.38,1,1
C03938,1,111.62,1,1
C03940,1,47.46,1,1
C03943,1,25.98,1,1
C03944,1,85.55,1,1
C03948,1,58.1,1,1
C03956,1,124.44,1,1
C03958,1,35.12,1,1
C03960,1,81.37,1,1
C03961,1,63.8,1,1
C03963,1,12.57,1,1
C03965,1,70.19,1,1
C03970,1,31.81,1,1
C03971,1,131.25,1,1
C03973,1,22.94,1,1
C03974,1,77.07,1,1
C03979,1,38.52,1,1
C03982,1,53.59,1,1
C03984,1,121.13,1,1
C03986,1,24.75,1,1
C03994,1,10.73,1,1
C04001,1,16.2,1,1
C04005,1,4.66,1,1
C04009,2,31.19,1,1
C04010,1,124.14,1,1
C04014,1,43.8,1,1
C04021,1,26.18,1,1
C04029,1,8.47,1,1
C04034,1,47.6,1,1
C04044,1,60.28,1,1
C04046,1,77.66,1,1
C04048,1,25.51,1,1
C04054,1,100.3,1,1
C04057,1,52.54,1,1
C04060,1,6.43,1,1
C04062,1,22.3,1,1
C04071,2,114.435,1,1
C04079,1,158.15,1,1
C04081,1,36.16,1,1
C04085,1,58.98,1,1
C04091,1,363.92,1,1
C04094,2,30.39,1,1
C04095,1,87.89,1,1
C04104,1,9.34,1,1
C04109,1,264.68,1,1
C04117,2,47.82,1,1
C04118,2,81.25999999999999,1,1
C04119,1,19.29,1,1
C04122,1,14.24,1,1
C04126,1,40.11,1,1
C04129,1,45.15,1,1
C04130,1,22.89,1,1
C04134,1,10.24,1,1
C04135,1,108.21,1,1
C04138,1,21.5,1,1
C04142,1,37.02,1,1
C04143,1,2.08,1,1
C04144,1,18.92,1,1
C04146,1,2.8,1,1
C04147,1,32.54,1,1
C04149,1,14.09,1,1
C04150,1,49.07,1,1
C04157,1,49.08,1,1
C04159,1,35.27,1,1
C04162,1,9.41,1,1
C04169,1,107.5,1,1
C04171,1,25.55,1,1
C04172,1,12.16,1,1
C04176,1,23.53,1,1
C04177,1,56.32,1,1
C04181,1,41.11,1,1
C04182,2,56.655,1,1
C04189,1,2.97,1,1
C04192,2,56.305,1,1
C04193,1,36.2,1,1
C04194,1,20.06,1,1
C04197,1,56.73,1,1
C04199,2,64.215,1,1
C04200,1,16.61,1,1
C04202,1,50.5,1,1
C04205,1,135.93,1,1
C04206,1,1.83,1,1
C04208,1,53.72,1,1
C04223,1,69.36,1,1
C04224,1,46.18,1,1
C04226,1,7.4,1,1
C04231,1,66.57,1,1
C04234,1,6.6,1,1
C04236,1,33.06,1,1
C04237,3,56.51,1,1
C04239,1,25.42,1,1
C04240,1,54.33,1,1
C04242,1,6.36,1,1
C04250,2,103.475,1,1
C04251,2,59.894999999999996,1,1
C04253,1,43.67,1,1
C04254,1,18.71,1,1
C04259,1,39.1,1,1
C04264,1,18.88,1,1
C04265,1,53.84,1,1
C04267,1,181.55,1,1
C04272,1,82.15,1,1
C04279,1,12.59,1,1
C04280,1,8.7,1,1
C04286,1,20.14,1,1
C04287,1,9.54,1,1
C04288,1,31.85,1,1
C04289,1,71.87,1,1
C04291,1,9.94,1,1
C04295,1,83.53,1,1
C04297,1,63.66,1,1
C04298,1,6.1,1,1
C04310,1,11.19,1,1
C04317,1,25.32,1,1
C04322,1,8.06,1,1
C04328,1,46.69,1,1
C04329,1,12.44,1,1
C04337,1,59.08,1,1
C04338,1,62.58,1,1
C04341,1,56.17,1,1
C04346,1,208.36,1,1
C04348,1,87.71,1,1
C04350,1,21.15,1,1
C04351,1,128.45,1,1
C04352,1,50.57,1,1
C04354,1,66.2,1,1
C04358,1,84.35,1,1
C04359,1,4.08,1,1
C04361,1,4.69,1,1
C04362,1,34.88,1,1
C04372,1,10.89,1,1
C04378,2,13.030000000000001,1,1
C04379,1,50.17,1,1
C04381,1,151.06,1,1
C04385,1,8.57,1,1
C04389,1,110.33,1,1
C04390,1,80.89,1,1
C04392,1,114.65,1,1
C04394,1,6.57,1,1
C04403,1,6.93,1,1
C04411,1,235.33,1,1
C04415,1,83.37,1,1
C04422,1,363.79,1,1
C04423,1,74.16,1,1
C04424,1,45.88,1,1
C04427,1,26.02,1,1
C04434,1,12.44,1,1
C04441,1,21.68,1,1
C04444,1,116.08,1,1
C04446,1,56.68,1,1
C04449,1,42.92,1,1
C04453,1,145.78,1,1
C04458,1,96.21,1,1
C04462,1,43.4,1,1
C04471,1,63.42,1,1
C04472,1,10.45,1,1
C04474,1,7.79,1,1
C04475,1,17.79,1,1
C04477,1,127.06,1,1
C04478,1,69.93,1,1
C04479,1,11.11,1,1
C04481,1,82.49,1,1
C04486,1,78.62,1,1
C04492,1,4.06,1,1
C04493,1,100.25,1,1
C04495,1,23.57,1,1
C04503,1,77.05,1,1
C04510,1,82.99,1,1
C04512,1,26.88,1,1
C04520,1,55.71,1,1
C04530,1,2.77,1,1
C04531,1,38.91,1,1
