,customer_id,signup_date,true_lifetime_days
0,C00000,2025-08-22,204
1,C00001,2025-03-07,365
2,C00002,2025-08-18,48
3,C00003,2025-09-22,84
4,C00004,2025-05-28,113
5,C00005,2025-11-12,120
6,C00006,2025-08-22,117
7,C00007,2025-08-03,321
8,C00008,2025-05-02,209
9,C00009,2025-01-06,172
10,C00010,2025-09-06,92
11,C00011,2025-08-25,260
12,C00012,2025-07-04,365
13,C00013,2025-07-25,258
14,C00014,2025-07-06,30
15,C00015,2025-01-28,181
16,C00016,2025-03-20,30
17,C00017,2025-02-12,80
18,C00018,2025-05-25,30
19,C00019,2025-03-01,170
20,C00020,2025-06-25,198
21,C00021,2025-01-23,44
22,C00022,2025-11-11,110
23,C00023,2025-03-25,129
24,C00024,2025-04-11,107
25,C00025,2025-10-15,45
26,C00026,2025-10-05,119
27,C00027,2025-06-16,224
28,C00028,2025-05-29,31
29,C00029,2025-03-07,34
30,C00030,2025-05-27,103
31,C00031,2025-06-11,361
32,C00032,2025-10-13,192
33,C00033,2025-10-09,195
34,C00034,2025-04-03,105
35,C00035,2025-01-17,167
36,C00036,2025-07-25,30
37,C00037,2025-01-30,181
38,C00038,2025-07-21,326
39,C00039,2025-11-12,173
40,C00040,2025-01-08,292
41,C00041,2025-06-19,213
42,C00042,2025-03-04,45
43,C00043,2025-09-05,316
44,C00044,2025-01-21,30
45,C00045,2025-11-19,150
46,C00046,2025-04-05,51
47,C00047,2025-03-13,30
48,C00048,2025-10-11,120
49,C00049,2025-09-02,89
50,C00050,2025-03-14,137
51,C00051,2025-10-29,162
52,C00052,2025-05-11,30
53,C00053,2025-09-13,46
54,C00054,2025-10-14,157
55,C00055,2025-12-01,101
56,C00056,2025-10-10,215
57,C00057,2025-08-19,186
58,C00058,2025-03-18,273
59,C00059,2025-01-27,200
60,C00060,2025-05-26,122
61,C00061,2025-04-29,193
62,C00062,2025-10-20,84
63,C00063,2025-06-24,92
64,C00064,2025-05-15,241
65,C00065,2025-03-08,126
66,C00066,2025-02-02,246
67,C00067,2025-03-07,259
68,C00068,2025-05-02,280
69,C00069,2025-03-26,330
70,C00070,2025-05-27,122
71,C00071,2025-02-10,95
72,C00072,2025-05-04,164
73,C00073,2025-05-09,107
74,C00074,2025-04-10,170
75,C00075,2025-10-11,205
76,C00076,2025-02-26,199
77,C00077,2025-04-30,108
78,C00078,2025-03-26,57
79,C00079,2025-05-29,122
80,C00080,2025-10-23,51
81,C00081,2025-06-29,305
82,C00082,2025-11-18,101
83,C00083,2025-02-05,54
84,C00084,2025-09-29,30
85,C00085,2025-01-10,184
86,C00086,2025-11-24,181
87,C00087,2025-07-27,100
88,C00088,2025-07-20,31
89,C00089,2025-10-01,117
90,C00090,2025-07-17,93
91,C00091,2025-09-13,195
92,C00092,2025-06-23,171
93,C00093,2025-02-17,106
94,C00094,2025-03-17,70
95,C00095,2025-04-16,365
96,C00096,2025-10-23,128
97,C00097,2025-11-05,199
98,C00098,2025-07-21,51
99,C00099,2025-05-16,137
100,C00100,2025-01-09,30
101,C00101,2025-03-10,142
102,C00102,2025-10-31,365
103,C00103,2025-10-16,111
104,C00104,2025-10-02,30
105,C00105,2025-05-01,30
106,C00106,2025-02-13,112
107,C00107,2025-08-26,56
108,C00108,2025-06-14,30
109,C00109,2025-05-03,226
110,C00110,2025-10-29,129
111,C00111,2025-04-20,87
112,C00112,2025-08-24,313
113,C00113,2025-07-25,44
114,C00114,2025-03-21,365
115,C00115,2025-11-28,93
116,C00116,2025-04-29,303
117,C00117,2025-03-23,170
118,C00118,2025-02-23,261
119,C00119,2025-05-10,365
120,C00120,2025-11-18,87
121,C00121,2025-10-22,365
122,C00122,2025-06-07,112
123,C00123,2025-10-01,111
124,C00124,2025-04-16,100
125,C00125,2025-04-06,152
126,C00126,2025-10-12,54
127,C00127,2025-08-29,155
128,C00128,2025-04-25,152
129,C00129,2025-04-16,229
130,C00130,2025-04-10,265
131,C00131,2025-07-13,125
132,C00132,2025-06-15,91
133,C00133,2025-11-04,80
134,C00134,2025-10-28,64
135,C00135,2025-11-20,30
136,C00136,2025-06-26,100
137,C00137,2025-01-10,83
138,C00138,2025-05-30,365
139,C00139,2025-04-04,157
140,C00140,2025-09-08,102
141,C00141,2025-02-22,163
142,C00142,2025-09-28,50
143,C00143,2025-06-16,126
144,C00144,2025-10-19,178
145,C00145,2025-10-02,137
146,C00146,2025-07-22,115
147,C00147,2025-02-22,365
148,C00148,2025-11-05,297
149,C00149,2025-08-17,177
150,C00150,2025-10-20,160
151,C00151,2025-02-20,176
152,C00152,2025-01-06,66
153,C00153,2025-07-28,113
154,C00154,2025-04-16,30
155,C00155,2025-05-27,134
156,C00156,2025-04-22,152
157,C00157,2025-02-23,73
158,C00158,2025-08-04,365
159,C00159,2025-08-09,322
160,C00160,2025-04-14,212
161,C00161,2025-03-19,150
162,C00162,2025-05-19,289
163,C00163,2025-07-19,48
164,C00164,2025-01-19,242
165,C00165,2025-06-21,46
166,C00166,2025-04-22,244
167,C00167,2025-01-30,84
168,C00168,2025-04-13,294
169,C00169,2025-06-14,364
170,C00170,2025-07-04,53
171,C00171,2025-01-22,131
172,C00172,2025-06-26,365
173,C00173,2025-08-29,136
174,C00174,2025-04-14,284
175,C00175,2025-06-06,166
176,C00176,2025-08-12,108
177,C00177,2025-01-19,87
178,C00178,2025-10-12,67
179,C00179,2025-03-10,228
180,C00180,2025-02-11,111
181,C00181,2025-08-12,144
182,C00182,2025-08-24,138
183,C00183,2025-08-12,162
184,C00184,2025-09-13,286
185,C00185,2025-05-30,365
186,C00186,2025-08-12,116
187,C00187,2025-12-01,262
188,C00188,2025-07-26,230
189,C00189,2025-04-27,161
190,C00190,2025-10-10,365
191,C00191,2025-04-23,66
192,C00192,2025-04-22,42
193,C00193,2025-07-30,278
194,C00194,2025-07-26,124
195,C00195,2025-10-11,273
196,C00196,2025-06-14,307
197,C00197,2025-04-29,30
198,C00198,2025-06-26,299
199,C00199,2025-05-19,127
200,C00200,2025-03-31,143
201,C00201,2025-01-13,178
202,C00202,2025-05-14,341
203,C00203,2025-06-02,30
204,C00204,2025-08-02,134
205,C00205,2025-03-23,199
206,C00206,2025-02-12,212
207,C00207,2025-02-26,200
208,C00208,2025-01-12,49
209,C00209,2025-08-27,90
210,C00210,2025-05-19,104
211,C00211,2025-04-07,249
212,C00212,2025-07-12,85
213,C00213,2025-08-28,68
214,C00214,2025-05-16,365
215,C00215,2025-08-01,30
216,C00216,2025-05-30,365
217,C00217,2025-01-11,195
218,C00218,2025-03-19,262
219,C00219,2025-07-08,89
220,C00220,2025-03-26,30
221,C00221,2025-07-09,218
222,C00222,2025-07-08,266
223,C00223,2025-05-18,219
224,C00224,2025-01-29,51
225,C00225,2025-07-28,225
226,C00226,2025-10-25,232
227,C00227,2025-07-27,188
228,C00228,2025-03-11,230
229,C00229,2025-07-05,273
230,C00230,2025-02-08,174
231,C00231,2025-08-26,36
232,C00232,2025-03-15,137
233,C00233,2025-03-26,33
234,C00234,2025-07-12,116
235,C00235,2025-08-13,116
236,C00236,2025-10-04,30
237,C00237,2025-12-01,102
238,C00238,2025-02-02,43
239,C00239,2025-03-24,251
240,C00240,2025-07-16,365
241,C00241,2025-10-27,32
242,C00242,2025-06-26,365
243,C00243,2025-11-24,147
244,C00244,2025-04-14,90
245,C00245,2025-08-26,33
246,C00246,2025-07-09,141
247,C00247,2025-02-02,244
248,C00248,2025-05-09,206
249,C00249,2025-07-25,30
250,C00250,2025-07-04,32
251,C00251,2025-10-10,115
252,C00252,2025-08-05,89
253,C00253,2025-06-25,74
254,C00254,2025-08-09,85
255,C00255,2025-09-19,248
256,C00256,2025-08-12,344
257,C00257,2025-08-21,116
258,C00258,2025-03-24,319
259,C00259,2025-04-20,95
260,C00260,2025-08-13,134
261,C00261,2025-08-26,72
262,C00262,2025-07-03,182
263,C00263,2025-05-23,365
264,C00264,2025-01-27,170
265,C00265,2025-06-23,104
266,C00266,2025-05-09,185
267,C00267,2025-06-17,46
268,C00268,2025-06-25,304
269,C00269,2025-09-26,141
270,C00270,2025-02-17,127
271,C00271,2025-03-01,165
272,C00272,2025-02-02,177
273,C00273,2025-07-21,31
274,C00274,2025-05-22,197
275,C00275,2025-07-28,76
276,C00276,2025-10-31,209
277,C00277,2025-06-10,259
278,C00278,2025-11-11,249
279,C00279,2025-04-09,155
280,C00280,2025-06-28,146
281,C00281,2025-10-26,51
282,C00282,2025-04-17,235
283,C00283,2025-10-13,83
284,C00284,2025-03-14,140
285,C00285,2025-02-23,86
286,C00286,2025-11-06,49
287,C00287,2025-04-21,179
288,C00288,2025-03-01,30
289,C00289,2025-02-20,223
290,C00290,2025-08-28,94
291,C00291,2025-02-22,30
292,C00292,2025-01-20,144
293,C00293,2025-02-02,30
294,C00294,2025-07-09,84
295,C00295,2025-11-29,206
296,C00296,2025-10-29,30
297,C00297,2025-05-25,269
298,C00298,2025-10-15,30
299,C00299,2025-11-16,77
300,C00300,2025-06-14,219
301,C00301,2025-04-27,94
302,C00302,2025-06-28,40
303,C00303,2025-10-18,105
304,C00304,2025-11-27,83
305,C00305,2025-08-26,271
306,C00306,2025-04-14,93
307,C00307,2025-10-27,241
308,C00308,2025-02-26,306
309,C00309,2025-02-04,123
310,C00310,2025-06-05,323
311,C00311,2025-08-30,109
312,C00312,2025-08-26,365
313,C00313,2025-05-29,37
314,C00314,2025-08-09,198
315,C00315,2025-05-26,139
316,C00316,2025-03-25,111
317,C00317,2025-06-25,180
318,C00318,2025-03-22,205
319,C00319,2025-01-14,30
320,C00320,2025-07-28,57
321,C00321,2025-11-15,208
322,C00322,2025-02-25,191
323,C00323,2025-04-24,365
324,C00324,2025-10-10,228
325,C00325,2025-10-06,365
326,C00326,2025-01-14,204
327,C00327,2025-06-12,90
328,C00328,2025-02-26,41
329,C00329,2025-08-11,238
330,C00330,2025-02-18,183
331,C00331,2025-07-05,30
332,C00332,2025-07-29,105
333,C00333,2025-07-01,365
334,C00334,2025-03-05,141
335,C00335,2025-08-21,123
336,C00336,2025-02-07,129
337,C00337,2025-04-01,68
338,C00338,2025-06-10,107
339,C00339,2025-10-25,107
340,C00340,2025-06-16,30
341,C00341,2025-03-31,231
342,C00342,2025-11-07,119
343,C00343,2025-01-31,259
344,C00344,2025-11-20,276
345,C00345,2025-01-21,69
346,C00346,2025-01-24,188
347,C00347,2025-10-28,133
348,C00348,2025-06-13,297
349,C00349,2025-11-13,70
350,C00350,2025-01-16,195
351,C00351,2025-03-14,172
352,C00352,2025-07-14,89
353,C00353,2025-07-13,50
354,C00354,2025-09-02,186
355,C00355,2025-01-15,218
356,C00356,2025-02-18,94
357,C00357,2025-05-02,184
358,C00358,2025-10-13,113
359,C00359,2025-07-03,208
360,C00360,2025-05-31,66
361,C00361,2025-10-01,305
362,C00362,2025-05-27,87
363,C00363,2025-07-31,107
364,C00364,2025-07-06,30
365,C00365,2025-01-23,43
366,C00366,2025-10-06,145
367,C00367,2025-02-01,82
368,C00368,2025-06-06,266
369,C00369,2025-06-16,30
370,C00370,2025-01-11,109
371,C00371,2025-03-07,99
372,C00372,2025-10-10,30
373,C00373,2025-08-24,46
374,C00374,2025-03-14,118
375,C00375,2025-10-11,139
376,C00376,2025-10-04,116
377,C00377,2025-08-17,149
378,C00378,2025-11-28,168
379,C00379,2025-08-22,30
380,C00380,2025-05-21,131
381,C00381,2025-03-16,365
382,C00382,2025-10-17,146
383,C00383,2025-01-26,195
384,C00384,2025-01-29,93
385,C00385,2025-07-12,234
386,C00386,2025-03-09,234
387,C00387,2025-08-01,146
388,C00388,2025-08-19,365
389,C00389,2025-06-28,47
390,C00390,2025-07-09,30
391,C00391,2025-07-11,232
392,C00392,2025-08-05,250
393,C00393,2025-01-18,45
394,C00394,2025-03-03,82
395,C00395,2025-09-02,30
396,C00396,2025-10-06,88
397,C00397,2025-04-18,234
398,C00398,2025-08-08,145
399,C00399,2025-01-19,102
400,C00400,2025-02-27,108
401,C00401,2025-07-29,30
402,C00402,2025-07-27,90
403,C00403,2025-10-06,184
404,C00404,2025-08-03,365
405,C00405,2025-12-02,273
406,C00406,2025-04-08,30
407,C00407,2025-02-16,312
408,C00408,2025-08-29,238
409,C00409,2025-07-30,237
410,C00410,2025-08-07,129
411,C00411,2025-10-16,114
412,C00412,2025-09-05,91
413,C00413,2025-04-10,30
414,C00414,2025-03-06,73
415,C00415,2025-05-28,77
416,C00416,2025-05-25,136
417,C00417,2025-09-25,222
418,C00418,2025-02-28,133
419,C00419,2025-03-31,30
420,C00420,2025-09-18,365
421,C00421,2025-07-02,362
422,C00422,2025-07-12,239
423,C00423,2025-09-08,365
424,C00424,2025-06-01,153
425,C00425,2025-02-21,365
426,C00426,2025-04-27,33
427,C00427,2025-09-25,106
428,C00428,2025-10-17,72
429,C00429,2025-08-31,65
430,C00430,2025-04-09,51
431,C00431,2025-05-13,176
432,C00432,2025-04-29,237
433,C00433,2025-10-25,163
434,C00434,2025-08-25,52
435,C00435,2025-02-17,253
436,C00436,2025-03-24,181
437,C00437,2025-04-25,112
438,C00438,2025-11-10,194
439,C00439,2025-03-28,80
440,C00440,2025-11-23,101
441,C00441,2025-04-01,331
442,C00442,2025-01-12,88
443,C00443,2025-08-25,132
444,C00444,2025-02-16,305
445,C00445,2025-06-06,206
446,C00446,2025-04-24,30
447,C00447,2025-03-28,52
448,C00448,2025-07-09,30
449,C00449,2025-08-29,179
450,C00450,2025-03-21,127
451,C00451,2025-01-12,49
452,C00452,2025-11-29,365
453,C00453,2025-11-17,149
454,C00454,2025-02-26,76
455,C00455,2025-03-31,141
456,C00456,2025-03-20,196
457,C00457,2025-06-26,33
458,C00458,2025-07-04,84
459,C00459,2025-06-08,250
460,C00460,2025-06-23,130
461,C00461,2025-10-31,153
462,C00462,2025-06-07,123
463,C00463,2025-08-24,30
464,C00464,2025-03-10,57
465,C00465,2025-01-14,126
466,C00466,2025-09-29,68
467,C00467,2025-06-18,30
468,C00468,2025-01-07,271
469,C00469,2025-10-21,365
470,C00470,2025-10-20,243
471,C00471,2025-02-21,278
472,C00472,2025-11-21,76
473,C00473,2025-08-30,365
474,C00474,2025-02-04,65
475,C00475,2025-03-25,365
476,C00476,2025-04-05,365
477,C00477,2025-10-29,208
478,C00478,2025-05-02,365
479,C00479,2025-09-04,160
480,C00480,2025-03-14,80
481,C00481,2025-09-01,124
482,C00482,2025-09-04,167
483,C00483,2025-08-10,32
484,C00484,2025-08-20,176
485,C00485,2025-05-21,365
486,C00486,2025-01-23,63
487,C00487,2025-08-11,243
488,C00488,2025-09-19,321
489,C00489,2025-04-30,364
490,C00490,2025-03-01,365
491,C00491,2025-03-29,146
492,C00492,2025-06-22,365
493,C00493,2025-05-25,226
494,C00494,2025-04-20,56
495,C00495,2025-06-09,134
496,C00496,2025-08-26,210
497,C00497,2025-10-28,77
498,C00498,2025-08-29,182
499,C00499,2025-07-04,191
500,C00500,2025-07-05,56
501,C00501,2025-05-27,159
502,C00502,2025-04-23,233
503,C00503,2025-10-27,140
504,C00504,2025-03-10,30
505,C00505,2025-06-03,30
506,C00506,2025-11-20,104
507,C00507,2025-02-27,340
508,C00508,2025-04-30,73
509,C00509,2025-02-20,180
510,C00510,2025-03-05,71
511,C00511,2025-10-02,95
512,C00512,2025-09-10,274
513,C00513,2025-04-30,214
514,C00514,2025-05-30,38
515,C00515,2025-11-14,122
516,C00516,2025-06-09,30
517,C00517,2025-08-25,135
518,C00518,2025-04-14,190
519,C00519,2025-09-18,45
520,C00520,2025-03-13,87
521,C00521,2025-02-22,114
522,C00522,2025-05-11,333
523,C00523,2025-04-24,365
524,C00524,2025-10-12,30
525,C00525,2025-07-12,228
526,C00526,2025-09-25,108
527,C00527,2025-08-26,113
528,C00528,2025-11-08,225
529,C00529,2025-10-11,332
530,C00530,2025-07-05,365
531,C00531,2025-07-12,162
532,C00532,2025-10-07,104
533,C00533,2025-10-25,240
534,C00534,2025-08-16,78
535,C00535,2025-06-05,159
536,C00536,2025-10-22,104
537,C00537,2025-05-31,188
538,C00538,2025-04-24,76
539,C00539,2025-08-03,64
540,C00540,2025-07-23,331
541,C00541,2025-06-23,40
542,C00542,2025-05-02,142
543,C00543,2025-04-26,71
544,C00544,2025-04-12,30
545,C00545,2025-01-06,30
546,C00546,2025-07-10,60
547,C00547,2025-04-08,287
548,C00548,2025-09-18,86
549,C00549,2025-11-24,365
550,C00550,2025-09-20,164
551,C00551,2025-03-25,124
552,C00552,2025-04-17,163
553,C00553,2025-11-26,145
554,C00554,2025-06-12,227
555,C00555,2025-07-15,86
556,C00556,2025-06-18,103
557,C00557,2025-06-16,308
558,C00558,2025-02-23,365
559,C00559,2025-08-03,307
560,C00560,2025-05-23,119
561,C00561,2025-11-28,237
562,C00562,2025-11-04,134
563,C00563,2025-06-21,140
564,C00564,2025-07-20,67
565,C00565,2025-01-16,167
566,C00566,2025-07-11,62
567,C00567,2025-01-10,98
568,C00568,2025-04-30,279
569,C00569,2025-02-05,67
570,C00570,2025-07-24,31
571,C00571,2025-02-14,31
572,C00572,2025-09-24,359
573,C00573,2025-03-26,142
574,C00574,2025-03-03,117
575,C00575,2025-06-04,252
576,C00576,2025-06-19,267
577,C00577,2025-09-03,98
578,C00578,2025-05-15,201
579,C00579,2025-11-14,233
580,C00580,2025-10-25,187
581,C00581,2025-07-30,54
582,C00582,2025-06-13,293
583,C00583,2025-07-15,151
584,C00584,2025-04-05,86
585,C00585,2025-04-27,121
586,C00586,2025-07-30,30
587,C00587,2025-10-06,47
588,C00588,2025-07-08,230
589,C00589,2025-01-20,30
590,C00590,2025-12-02,119
591,C00591,2025-05-27,147
592,C00592,2025-05-26,30
593,C00593,2025-01-25,365
594,C00594,2025-08-08,72
595,C00595,2025-07-22,91
596,C00596,2025-10-06,91
597,C00597,2025-10-20,73
598,C00598,2025-06-13,30
599,C00599,2025-06-26,215
600,C00600,2025-06-13,365
601,C00601,2025-01-20,72
602,C00602,2025-02-03,190
603,C00603,2025-07-07,220
604,C00604,2025-09-14,274
605,C00605,2025-05-04,120
606,C00606,2025-05-14,91
607,C00607,2025-03-26,96
608,C00608,2025-04-18,208
609,C00609,2025-06-22,256
610,C00610,2025-04-20,61
611,C00611,2025-07-09,107
612,C00612,2025-11-13,315
613,C00613,2025-10-17,250
614,C00614,2025-04-14,365
615,C00615,2025-02-01,225
616,C00616,2025-11-19,113
617,C00617,2025-07-13,166
618,C00618,2025-12-02,189
619,C00619,2025-10-10,33
620,C00620,2025-03-19,153
621,C00621,2025-07-12,207
622,C00622,2025-11-21,58
623,C00623,2025-01-07,237
624,C00624,2025-04-23,164
625,C00625,2025-03-06,365
626,C00626,2025-06-30,30
627,C00627,2025-11-25,82
628,C00628,2025-08-03,170
629,C00629,2025-06-22,89
630,C00630,2025-09-04,209
631,C00631,2025-07-20,227
632,C00632,2025-05-31,40
633,C00633,2025-01-21,144
634,C00634,2025-06-08,143
635,C00635,2025-11-05,107
636,C00636,2025-04-27,349
637,C00637,2025-10-23,262
638,C00638,2025-04-19,202
639,C00639,2025-05-25,209
640,C00640,2025-07-11,130
641,C00641,2025-05-16,334
642,C00642,2025-05-05,201
643,C00643,2025-04-27,215
644,C00644,2025-04-07,283
645,C00645,2025-10-18,84
646,C00646,2025-10-29,250
647,C00647,2025-03-25,65
648,C00648,2025-09-12,101
649,C00649,2025-03-22,99
650,C00650,2025-05-20,365
651,C00651,2025-02-03,280
652,C00652,2025-11-23,204
653,C00653,2025-01-25,214
654,C00654,2025-02-20,158
655,C00655,2025-04-05,365
656,C00656,2025-03-27,139
657,C00657,2025-11-28,110
658,C00658,2025-08-06,56
659,C00659,2025-02-17,240
660,C00660,2025-09-29,217
661,C00661,2025-07-10,111
662,C00662,2025-04-23,30
663,C00663,2025-04-08,268
664,C00664,2025-06-09,30
665,C00665,2025-03-11,205
666,C00666,2025-02-24,365
667,C00667,2025-10-01,124
668,C00668,2025-04-30,74
669,C00669,2025-01-22,205
670,C00670,2025-02-23,256
671,C00671,2025-06-09,153
672,C00672,2025-08-27,365
673,C00673,2025-08-20,30
674,C00674,2025-08-26,142
675,C00675,2025-01-26,210
676,C00676,2025-11-27,284
677,C00677,2025-05-20,61
678,C00678,2025-07-23,247
679,C00679,2025-03-19,155
680,C00680,2025-11-10,114
681,C00681,2025-10-11,48
682,C00682,2025-06-21,286
683,C00683,2025-05-15,55
684,C00684,2025-09-11,92
685,C00685,2025-07-11,88
686,C00686,2025-09-09,290
687,C00687,2025-09-16,193
688,C00688,2025-12-02,245
689,C00689,2025-10-13,78
690,C00690,2025-06-13,177
691,C00691,2025-05-12,161
692,C00692,2025-03-18,265
693,C00693,2025-02-18,319
694,C00694,2025-10-30,30
695,C00695,2025-08-30,194
696,C00696,2025-09-22,30
697,C00697,2025-10-25,154
698,C00698,2025-07-02,87
699,C00699,2025-03-28,92
700,C00700,2025-06-24,103
701,C00701,2025-08-07,176
702,C00702,2025-03-19,98
703,C00703,2025-01-31,216
704,C00704,2025-03-10,116
705,C00705,2025-10-10,30
706,C00706,2025-04-11,239
707,C00707,2025-04-25,87
708,C00708,2025-03-27,123
709,C00709,2025-01-24,198
710,C00710,2025-08-13,98
711,C00711,2025-03-23,30
712,C00712,2025-02-03,108
713,C00713,2025-05-10,365
714,C00714,2025-04-18,183
715,C00715,2025-09-28,193
716,C00716,2025-09-19,180
717,C00717,2025-08-22,65
718,C00718,2025-05-25,119
719,C00719,2025-03-26,224
720,C00720,2025-04-21,40
721,C00721,2025-02-12,85
722,C00722,2025-01-31,84
723,C00723,2025-08-27,123
724,C00724,2025-02-20,365
725,C00725,2025-01-02,30
726,C00726,2025-01-29,146
727,C00727,2025-03-29,61
728,C00728,2025-06-20,365
729,C00729,2025-01-02,43
730,C00730,2025-11-03,115
731,C00731,2025-03-31,218
732,C00732,2025-08-19,205
733,C00733,2025-10-13,120
734,C00734,2025-09-13,101
735,C00735,2025-07-23,114
736,C00736,2025-02-21,81
737,C00737,2025-07-18,67
738,C00738,2025-06-02,136
739,C00739,2025-01-07,82
740,C00740,2025-03-05,87
741,C00741,2025-09-25,188
742,C00742,2025-10-30,365
743,C00743,2025-03-16,170
744,C00744,2025-10-11,33
745,C00745,2025-05-12,33
746,C00746,2025-07-30,365
747,C00747,2025-04-12,89
748,C00748,2025-10-21,37
749,C00749,2025-04-07,169
750,C00750,2025-08-14,177
751,C00751,2025-03-29,185
752,C00752,2025-07-05,82
753,C00753,2025-06-03,30
754,C00754,2025-08-30,365
755,C00755,2025-11-25,78
756,C00756,2025-06-02,194
757,C00757,2025-02-25,206
758,C00758,2025-05-22,172
759,C00759,2025-05-22,93
760,C00760,2025-07-01,83
761,C00761,2025-09-01,169
762,C00762,2025-06-26,286
763,C00763,2025-10-03,365
764,C00764,2025-08-03,41
765,C00765,2025-10-13,54
766,C00766,2025-03-01,365
767,C00767,2025-11-28,218
768,C00768,2025-09-02,299
769,C00769,2025-06-16,66
770,C00770,2025-01-20,166
771,C00771,2025-11-11,204
772,C00772,2025-01-11,196
773,C00773,2025-12-02,117
774,C00774,2025-07-23,30
775,C00775,2025-04-14,164
776,C00776,2025-11-21,79
777,C00777,2025-10-18,127
778,C00778,2025-10-30,365
779,C00779,2025-09-16,114
780,C00780,2025-04-29,269
781,C00781,2025-02-05,63
782,C00782,2025-09-21,193
783,C00783,2025-02-24,365
784,C00784,2025-03-29,40
785,C00785,2025-10-17,30
786,C00786,2025-08-04,123
787,C00787,2025-05-03,38
788,C00788,2025-04-08,223
789,C00789,2025-10-08,327
790,C00790,2025-08-18,123
791,C00791,2025-01-18,80
792,C00792,2025-10-16,123
793,C00793,2025-10-03,212
794,C00794,2025-11-07,30
795,C00795,2025-02-14,166
796,C00796,2025-03-21,173
797,C00797,2025-11-25,181
798,C00798,2025-08-12,76
799,C00799,2025-03-25,209
800,C00800,2025-06-06,37
801,C00801,2025-05-10,66
802,C00802,2025-02-03,295
803,C00803,2025-07-29,219
804,C00804,2025-10-08,30
805,C00805,2025-05-03,78
806,C00806,2025-11-19,69
807,C00807,2025-11-05,83
808,C00808,2025-09-16,77
809,C00809,2025-05-01,30
810,C00810,2025-07-02,130
811,C00811,2025-11-19,216
812,C00812,2025-05-30,171
813,C00813,2025-01-25,193
814,C00814,2025-11-26,34
815,C00815,2025-11-30,365
816,C00816,2025-08-14,268
817,C00817,2025-04-09,249
818,C00818,2025-04-08,259
819,C00819,2025-03-04,348
820,C00820,2025-02-12,153
821,C00821,2025-04-20,66
822,C00822,2025-11-18,175
823,C00823,2025-05-25,220
824,C00824,2025-08-06,218
825,C00825,2025-11-05,146
826,C00826,2025-05-15,30
827,C00827,2025-10-25,107
828,C00828,2025-03-05,334
829,C00829,2025-04-16,165
830,C00830,2025-09-08,151
831,C00831,2025-07-30,83
832,C00832,2025-02-06,107
833,C00833,2025-11-08,309
834,C00834,2025-07-11,191
835,C00835,2025-11-20,240
836,C00836,2025-05-05,128
837,C00837,2025-11-08,179
838,C00838,2025-09-26,78
839,C00839,2025-09-27,205
840,C00840,2025-04-14,121
841,C00841,2025-08-16,125
842,C00842,2025-07-10,185
843,C00843,2025-08-14,353
844,C00844,2025-04-19,30
845,C00845,2025-08-14,260
846,C00846,2025-10-30,88
847,C00847,2025-08-14,126
848,C00848,2025-03-14,30
849,C00849,2025-04-11,90
850,C00850,2025-09-11,141
851,C00851,2025-10-22,30
852,C00852,2025-08-24,138
853,C00853,2025-11-27,341
854,C00854,2025-06-06,41
855,C00855,2025-02-24,230
856,C00856,2025-01-17,117
857,C00857,2025-04-21,187
858,C00858,2025-01-22,80
859,C00859,2025-04-18,56
860,C00860,2025-02-17,56
861,C00861,2025-07-06,31
862,C00862,2025-03-01,62
863,C00863,2025-05-19,190
864,C00864,2025-09-24,298
865,C00865,2025-08-13,254
866,C00866,2025-11-29,198
867,C00867,2025-01-06,43
868,C00868,2025-01-19,87
869,C00869,2025-08-30,92
870,C00870,2025-07-04,78
871,C00871,2025-01-26,145
872,C00872,2025-07-19,150
873,C00873,2025-03-31,104
874,C00874,2025-04-04,103
875,C00875,2025-11-02,262
876,C00876,2025-10-24,241
877,C00877,2025-04-18,92
878,C00878,2025-10-28,327
879,C00879,2025-04-24,365
880,C00880,2025-11-27,97
881,C00881,2025-01-15,103
882,C00882,2025-04-27,142
883,C00883,2025-09-19,360
884,C00884,2025-11-29,294
885,C00885,2025-01-02,40
886,C00886,2025-07-22,113
887,C00887,2025-08-07,155
888,C00888,2025-08-31,141
889,C00889,2025-10-02,64
890,C00890,2025-05-23,281
891,C00891,2025-01-02,195
892,C00892,2025-05-14,268
893,C00893,2025-11-07,281
894,C00894,2025-06-13,223
895,C00895,2025-02-06,124
896,C00896,2025-07-23,173
897,C00897,2025-01-11,56
898,C00898,2025-08-07,194
899,C00899,2025-01-13,61
900,C00900,2025-03-03,201
901,C00901,2025-05-05,73
902,C00902,2025-04-22,45
903,C00903,2025-11-13,57
904,C00904,2025-08-12,30
905,C00905,2025-07-16,210
906,C00906,2025-10-17,216
907,C00907,2025-12-02,145
908,C00908,2025-09-04,56
909,C00909,2025-07-14,35
910,C00910,2025-01-17,30
911,C00911,2025-10-26,57
912,C00912,2025-02-13,305
913,C00913,2025-07-17,76
914,C00914,2025-01-04,103
915,C00915,2025-03-19,41
916,C00916,2025-06-25,71
917,C00917,2025-06-08,146
918,C00918,2025-11-23,172
919,C00919,2025-03-17,77
920,C00920,2025-07-18,30
921,C00921,2025-06-14,112
922,C00922,2025-11-20,74
923,C00923,2025-06-18,71
924,C00924,2025-07-26,365
925,C00925,2025-09-10,174
926,C00926,2025-01-16,156
927,C00927,2025-01-18,118
928,C00928,2025-08-24,122
929,C00929,2025-01-08,152
930,C00930,2025-03-05,202
931,C00931,2025-03-13,204
932,C00932,2025-10-26,59
933,C00933,2025-08-31,141
934,C00934,2025-08-30,118
935,C00935,2025-02-01,289
936,C00936,2025-09-25,179
937,C00937,2025-01-19,149
938,C00938,2025-04-11,44
939,C00939,2025-01-03,171
940,C00940,2025-07-19,44
941,C00941,2025-09-18,99
942,C00942,2025-10-29,51
943,C00943,2025-12-02,200
944,C00944,2025-02-10,67
945,C00945,2025-01-17,112
946,C00946,2025-10-04,310
947,C00947,2025-01-17,67
948,C00948,2025-01-09,143
949,C00949,2025-03-11,119
950,C00950,2025-04-18,30
951,C00951,2025-03-08,243
952,C00952,2025-01-21,31
953,C00953,2025-02-20,134
954,C00954,2025-02-15,158
955,C00955,2025-05-04,178
956,C00956,2025-06-21,199
957,C00957,2025-11-28,79
958,C00958,2025-09-16,30
959,C00959,2025-10-02,212
960,C00960,2025-07-24,150
961,C00961,2025-09-05,267
962,C00962,2025-04-10,258
963,C00963,2025-10-22,271
964,C00964,2025-09-05,136
965,C00965,2025-02-10,98
966,C00966,2025-01-09,242
967,C00967,2025-02-11,128
968,C00968,2025-08-21,62
969,C00969,2025-11-19,279
970,C00970,2025-02-18,299
971,C00971,2025-06-07,131
972,C00972,2025-07-31,33
973,C00973,2025-11-10,111
974,C00974,2025-10-01,249
975,C00975,2025-07-13,315
976,C00976,2025-07-03,67
977,C00977,2025-07-11,30
978,C00978,2025-04-22,295
979,C00979,2025-01-28,112
980,C00980,2025-08-21,152
981,C00981,2025-08-21,365
982,C00982,2025-10-25,30
983,C00983,2025-05-19,185
984,C00984,2025-07-22,32
985,C00985,2025-09-27,108
986,C00986,2025-06-07,249
987,C00987,2025-10-22,123
988,C00988,2025-11-18,365
989,C00989,2025-08-14,157
990,C00990,2025-06-29,95
991,C00991,2025-02-17,71
992,C00992,2025-04-16,102
993,C00993,2025-06-29,108
994,C00994,2025-10-26,30
995,C00995,2025-08-28,107
996,C00996,2025-02-17,131
997,C00997,2025-03-24,212
998,C00998,2025-05-21,188
999,C00999,2025-09-08,207
1000,C01000,2025-01-15,30
1001,C01001,2025-11-23,70
1002,C01002,2025-11-28,189
1003,C01003,2025-08-02,136
1004,C01004,2025-01-07,30
1005,C01005,2025-08-07,249
1006,C01006,2025-02-12,233
1007,C01007,2025-06-27,154
1008,C01008,2025-02-03,30
1009,C01009,2025-04-19,231
1010,C01010,2025-05-01,164
1011,C01011,2025-06-02,238
1012,C01012,2025-11-18,224
1013,C01013,2025-06-29,248
1014,C01014,2025-07-20,145
1015,C01015,2025-03-17,51
1016,C01016,2025-06-29,193
1017,C01017,2025-10-17,176
1018,C01018,2025-01-13,220
1019,C01019,2025-01-05,58
1020,C01020,2025-06-13,64
1021,C01021,2025-07-26,305
1022,C01022,2025-08-30,223
1023,C01023,2025-08-10,321
1024,C01024,2025-04-04,227
1025,C01025,2025-02-14,168
1026,C01026,2025-02-24,187
1027,C01027,2025-02-07,304
1028,C01028,2025-02-23,163
1029,C01029,2025-09-25,180
1030,C01030,2025-07-08,55
1031,C01031,2025-11-22,133
1032,C01032,2025-03-24,210
1033,C01033,2025-01-07,83
1034,C01034,2025-10-26,66
1035,C01035,2025-07-22,93
1036,C01036,2025-05-17,76
1037,C01037,2025-11-10,69
1038,C01038,2025-02-03,121
1039,C01039,2025-02-04,321
1040,C01040,2025-04-29,142
1041,C01041,2025-07-15,63
1042,C01042,2025-08-21,33
1043,C01043,2025-05-07,202
1044,C01044,2025-08-14,110
1045,C01045,2025-08-21,258
1046,C01046,2025-01-21,189
1047,C01047,2025-06-15,245
1048,C01048,2025-01-13,83
1049,C01049,2025-07-23,200
1050,C01050,2025-02-13,81
1051,C01051,2025-01-09,357
1052,C01052,2025-07-29,181
1053,C01053,2025-08-19,96
1054,C01054,2025-09-02,83
1055,C01055,2025-02-19,63
1056,C01056,2025-10-13,201
1057,C01057,2025-11-04,70
1058,C01058,2025-02-10,168
1059,C01059,2025-02-09,81
1060,C01060,2025-05-03,190
1061,C01061,2025-03-11,255
1062,C01062,2025-03-21,236
1063,C01063,2025-02-04,228
1064,C01064,2025-08-24,63
1065,C01065,2025-08-15,36
1066,C01066,2025-06-04,203
1067,C01067,2025-01-24,107
1068,C01068,2025-12-02,123
1069,C01069,2025-01-18,30
1070,C01070,2025-10-09,80
1071,C01071,2025-07-07,30
1072,C01072,2025-01-28,296
1073,C01073,2025-07-19,76
1074,C01074,2025-05-15,157
1075,C01075,2025-01-24,30
1076,C01076,2025-08-08,191
1077,C01077,2025-07-02,96
1078,C01078,2025-02-15,311
1079,C01079,2025-10-01,303
1080,C01080,2025-04-03,96
1081,C01081,2025-11-08,314
1082,C01082,2025-09-04,365
1083,C01083,2025-09-19,260
1084,C01084,2025-02-12,272
1085,C01085,2025-05-07,78
1086,C01086,2025-11-16,162
1087,C01087,2025-07-28,30
1088,C01088,2025-03-27,38
1089,C01089,2025-06-07,365
1090,C01090,2025-06-04,96
1091,C01091,2025-07-04,223
1092,C01092,2025-11-08,250
1093,C01093,2025-06-06,281
1094,C01094,2025-05-19,365
1095,C01095,2025-06-25,76
1096,C01096,2025-06-09,30
1097,C01097,2025-02-21,117
1098,C01098,2025-10-01,48
1099,C01099,2025-07-06,30
1100,C01100,2025-07-02,105
1101,C01101,2025-06-30,239
1102,C01102,2025-10-15,159
1103,C01103,2025-09-10,93
1104,C01104,2025-06-09,187
1105,C01105,2025-07-08,74
1106,C01106,2025-08-07,30
1107,C01107,2025-10-01,230
1108,C01108,2025-05-28,177
1109,C01109,2025-10-15,229
1110,C01110,2025-01-10,30
1111,C01111,2025-03-21,267
1112,C01112,2025-04-23,175
1113,C01113,2025-07-15,158
1114,C01114,2025-05-02,177
1115,C01115,2025-05-06,285
1116,C01116,2025-01-19,165
1117,C01117,2025-11-01,164
1118,C01118,2025-06-28,365
1119,C01119,2025-02-21,226
1120,C01120,2025-02-01,125
1121,C01121,2025-02-20,206
1122,C01122,2025-07-12,112
1123,C01123,2025-11-14,73
1124,C01124,2025-11-15,168
1125,C01125,2025-03-21,343
1126,C01126,2025-09-16,344
1127,C01127,2025-06-11,100
1128,C01128,2025-05-23,148
1129,C01129,2025-08-12,69
1130,C01130,2025-08-11,365
1131,C01131,2025-04-25,365
1132,C01132,2025-06-20,185
1133,C01133,2025-01-18,249
1134,C01134,2025-07-24,209
1135,C01135,2025-03-14,167
1136,C01136,2025-10-09,30
1137,C01137,2025-07-25,128
1138,C01138,2025-02-18,194
1139,C01139,2025-03-12,195
1140,C01140,2025-06-24,108
1141,C01141,2025-09-07,361
1142,C01142,2025-10-09,58
1143,C01143,2025-02-18,141
1144,C01144,2025-06-08,200
1145,C01145,2025-11-25,202
1146,C01146,2025-01-16,185
1147,C01147,2025-01-24,84
1148,C01148,2025-03-31,55
1149,C01149,2025-01-14,181
1150,C01150,2025-03-23,169
1151,C01151,2025-01-09,61
1152,C01152,2025-10-10,205
1153,C01153,2025-03-29,129
1154,C01154,2025-04-08,192
1155,C01155,2025-04-18,267
1156,C01156,2025-09-27,58
1157,C01157,2025-10-13,30
1158,C01158,2025-08-28,236
1159,C01159,2025-09-02,172
1160,C01160,2025-03-14,203
1161,C01161,2025-02-15,268
1162,C01162,2025-08-29,248
1163,C01163,2025-09-06,365
1164,C01164,2025-09-16,150
1165,C01165,2025-02-18,137
1166,C01166,2025-08-05,115
1167,C01167,2025-02-04,54
1168,C01168,2025-06-21,161
1169,C01169,2025-06-04,84
1170,C01170,2025-04-24,335
1171,C01171,2025-01-26,164
1172,C01172,2025-11-26,167
1173,C01173,2025-01-07,103
1174,C01174,2025-03-15,30
1175,C01175,2025-06-25,30
1176,C01176,2025-07-05,120
1177,C01177,2025-09-09,35
1178,C01178,2025-07-09,171
1179,C01179,2025-08-13,297
1180,C01180,2025-10-28,299
1181,C01181,2025-02-21,189
1182,C01182,2025-05-29,68
1183,C01183,2025-09-12,284
1184,C01184,2025-12-01,301
1185,C01185,2025-02-03,65
1186,C01186,2025-05-20,218
1187,C01187,2025-11-22,87
1188,C01188,2025-04-13,248
1189,C01189,2025-05-22,365
1190,C01190,2025-08-06,30
1191,C01191,2025-11-13,311
1192,C01192,2025-03-17,176
1193,C01193,2025-02-13,365
1194,C01194,2025-03-22,131
1195,C01195,2025-04-25,274
1196,C01196,2025-04-21,30
1197,C01197,2025-10-11,99
1198,C01198,2025-02-26,30
1199,C01199,2025-09-13,365
1200,C01200,2025-05-15,256
1201,C01201,2025-06-28,277
1202,C01202,2025-08-05,355
1203,C01203,2025-10-05,35
1204,C01204,2025-05-02,111
1205,C01205,2025-07-28,31
1206,C01206,2025-04-23,68
1207,C01207,2025-05-08,73
1208,C01208,2025-08-10,132
1209,C01209,2025-05-08,82
1210,C01210,2025-11-19,40
1211,C01211,2025-11-24,58
1212,C01212,2025-10-24,52
1213,C01213,2025-04-10,365
1214,C01214,2025-02-25,227
1215,C01215,2025-05-16,365
1216,C01216,2025-04-01,125
1217,C01217,2025-02-28,85
1218,C01218,2025-04-12,246
1219,C01219,2025-11-29,96
1220,C01220,2025-07-02,90
1221,C01221,2025-11-04,74
1222,C01222,2025-08-16,48
1223,C01223,2025-08-27,80
1224,C01224,2025-05-02,103
1225,C01225,2025-02-13,194
1226,C01226,2025-09-19,30
1227,C01227,2025-01-11,68
1228,C01228,2025-07-10,251
1229,C01229,2025-07-28,52
1230,C01230,2025-10-22,100
1231,C01231,2025-10-23,285
1232,C01232,2025-10-30,54
1233,C01233,2025-11-16,35
1234,C01234,2025-06-21,136
1235,C01235,2025-07-03,91
1236,C01236,2025-09-18,158
1237,C01237,2025-09-07,249
1238,C01238,2025-08-08,50
1239,C01239,2025-11-06,163
1240,C01240,2025-01-24,142
1241,C01241,2025-02-19,52
1242,C01242,2025-07-22,177
1243,C01243,2025-04-28,84
1244,C01244,2025-06-18,137
1245,C01245,2025-08-27,35
1246,C01246,2025-03-10,130
1247,C01247,2025-04-10,92
1248,C01248,2025-01-28,259
1249,C01249,2025-06-13,30
1250,C01250,2025-05-27,119
1251,C01251,2025-08-03,129
1252,C01252,2025-10-18,213
1253,C01253,2025-09-30,162
1254,C01254,2025-07-26,191
1255,C01255,2025-01-27,235
1256,C01256,2025-05-24,284
1257,C01257,2025-01-30,93
1258,C01258,2025-06-05,151
1259,C01259,2025-02-14,269
1260,C01260,2025-02-24,365
1261,C01261,2025-11-04,304
1262,C01262,2025-07-07,107
1263,C01263,2025-03-11,65
1264,C01264,2025-02-10,138
1265,C01265,2025-11-22,220
1266,C01266,2025-06-22,138
1267,C01267,2025-08-12,136
1268,C01268,2025-05-30,268
1269,C01269,2025-02-11,105
1270,C01270,2025-04-15,282
1271,C01271,2025-04-20,116
1272,C01272,2025-01-27,97
1273,C01273,2025-08-27,128
1274,C01274,2025-10-09,229
1275,C01275,2025-08-14,47
1276,C01276,2025-07-04,65
1277,C01277,2025-04-01,365
1278,C01278,2025-09-25,60
1279,C01279,2025-01-25,160
1280,C01280,2025-02-17,163
1281,C01281,2025-03-28,138
1282,C01282,2025-10-28,184
1283,C01283,2025-04-08,73
1284,C01284,2025-07-08,155
1285,C01285,2025-04-20,108
1286,C01286,2025-04-03,189
1287,C01287,2025-05-16,51
1288,C01288,2025-07-02,161
1289,C01289,2025-09-21,62
1290,C01290,2025-05-16,85
1291,C01291,2025-02-10,70
1292,C01292,2025-11-16,61
1293,C01293,2025-07-27,261
1294,C01294,2025-04-30,87
1295,C01295,2025-10-03,342
1296,C01296,2025-08-21,365
1297,C01297,2025-10-22,161
1298,C01298,2025-11-08,51
1299,C01299,2025-10-25,108
1300,C01300,2025-02-15,246
1301,C01301,2025-07-25,106
1302,C01302,2025-04-18,36
1303,C01303,2025-08-17,156
1304,C01304,2025-06-14,272
1305,C01305,2025-08-23,245
1306,C01306,2025-11-21,60
1307,C01307,2025-03-03,193
1308,C01308,2025-08-24,71
1309,C01309,2025-10-20,70
1310,C01310,2025-02-01,292
1311,C01311,2025-11-16,78
1312,C01312,2025-01-07,81
1313,C01313,2025-10-07,30
1314,C01314,2025-01-26,290
1315,C01315,2025-02-03,243
1316,C01316,2025-11-21,178
1317,C01317,2025-01-19,223
1318,C01318,2025-09-14,54
1319,C01319,2025-05-01,129
1320,C01320,2025-03-14,102
1321,C01321,2025-07-07,38
1322,C01322,2025-09-13,137
1323,C01323,2025-05-02,334
1324,C01324,2025-05-19,30
1325,C01325,2025-05-17,88
1326,C01326,2025-11-08,68
1327,C01327,2025-09-05,75
1328,C01328,2025-03-10,321
1329,C01329,2025-07-13,132
1330,C01330,2025-10-05,131
1331,C01331,2025-11-07,228
1332,C01332,2025-10-17,54
1333,C01333,2025-02-18,137
1334,C01334,2025-03-12,122
1335,C01335,2025-11-17,168
1336,C01336,2025-05-18,365
1337,C01337,2025-02-24,232
1338,C01338,2025-09-08,114
1339,C01339,2025-03-28,262
1340,C01340,2025-03-08,58
1341,C01341,2025-01-02,30
1342,C01342,2025-08-08,67
1343,C01343,2025-11-26,100
1344,C01344,2025-07-19,143
1345,C01345,2025-06-10,174
1346,C01346,2025-01-09,323
1347,C01347,2025-01-22,143
1348,C01348,2025-05-02,141
1349,C01349,2025-09-12,30
1350,C01350,2025-04-24,30
1351,C01351,2025-08-22,155
1352,C01352,2025-03-05,124
1353,C01353,2025-11-19,269
1354,C01354,2025-06-27,56
1355,C01355,2025-07-04,30
1356,C01356,2025-08-17,127
1357,C01357,2025-05-29,75
1358,C01358,2025-02-05,30
1359,C01359,2025-08-27,213
1360,C01360,2025-07-25,43
1361,C01361,2025-02-13,172
1362,C01362,2025-06-15,85
1363,C01363,2025-06-03,59
1364,C01364,2025-10-25,109
1365,C01365,2025-11-18,247
1366,C01366,2025-11-29,113
1367,C01367,2025-05-07,224
1368,C01368,2025-06-25,47
1369,C01369,2025-11-17,233
1370,C01370,2025-08-17,75
1371,C01371,2025-01-26,195
1372,C01372,2025-04-20,159
1373,C01373,2025-06-16,344
1374,C01374,2025-10-30,111
1375,C01375,2025-03-27,30
1376,C01376,2025-03-31,30
1377,C01377,2025-03-09,261
1378,C01378,2025-07-15,147
1379,C01379,2025-03-04,235
1380,C01380,2025-08-29,74
1381,C01381,2025-04-20,101
1382,C01382,2025-10-25,30
1383,C01383,2025-02-04,365
1384,C01384,2025-11-04,192
1385,C01385,2025-01-19,349
1386,C01386,2025-04-02,82
1387,C01387,2025-04-11,173
1388,C01388,2025-06-01,195
1389,C01389,2025-03-06,94
1390,C01390,2025-04-11,274
1391,C01391,2025-04-08,365
1392,C01392,2025-03-12,300
1393,C01393,2025-09-29,219
1394,C01394,2025-06-09,85
1395,C01395,2025-11-30,86
1396,C01396,2025-07-14,365
1397,C01397,2025-06-28,30
1398,C01398,2025-01-13,209
1399,C01399,2025-07-10,206
1400,C01400,2025-02-13,176
1401,C01401,2025-07-03,365
1402,C01402,2025-05-24,93
1403,C01403,2025-09-21,100
1404,C01404,2025-02-01,34
1405,C01405,2025-07-16,125
1406,C01406,2025-05-30,81
1407,C01407,2025-02-13,101
1408,C01408,2025-10-03,266
1409,C01409,2025-05-19,352
1410,C01410,2025-02-11,62
1411,C01411,2025-01-18,108
1412,C01412,2025-02-04,343
1413,C01413,2025-11-22,30
1414,C01414,2025-10-02,37
1415,C01415,2025-01-04,56
1416,C01416,2025-04-21,168
1417,C01417,2025-07-03,53
1418,C01418,2025-05-18,365
1419,C01419,2025-10-12,126
1420,C01420,2025-03-18,141
1421,C01421,2025-10-05,77
1422,C01422,2025-09-22,133
1423,C01423,2025-07-08,189
1424,C01424,2025-10-01,224
1425,C01425,2025-01-27,225
1426,C01426,2025-04-04,163
1427,C01427,2025-01-07,317
1428,C01428,2025-08-18,256
1429,C01429,2025-04-21,226
1430,C01430,2025-01-24,30
1431,C01431,2025-04-29,30
1432,C01432,2025-04-06,69
1433,C01433,2025-03-19,190
1434,C01434,2025-03-16,117
1435,C01435,2025-11-28,115
1436,C01436,2025-03-17,300
1437,C01437,2025-10-10,309
1438,C01438,2025-10-17,322
1439,C01439,2025-05-02,93
1440,C01440,2025-06-09,200
1441,C01441,2025-11-24,83
1442,C01442,2025-08-26,63
1443,C01443,2025-11-13,62
1444,C01444,2025-04-06,100
1445,C01445,2025-10-03,122
1446,C01446,2025-06-08,264
1447,C01447,2025-10-02,45
1448,C01448,2025-07-11,217
1449,C01449,2025-05-01,149
1450,C01450,2025-11-30,87
1451,C01451,2025-06-26,139
1452,C01452,2025-04-20,90
1453,C01453,2025-03-09,168
1454,C01454,2025-08-05,123
1455,C01455,2025-09-05,57
1456,C01456,2025-01-08,44
1457,C01457,2025-09-26,153
1458,C01458,2025-08-27,316
1459,C01459,2025-03-11,101
1460,C01460,2025-08-20,216
1461,C01461,2025-01-14,188
1462,C01462,2025-08-02,347
1463,C01463,2025-11-04,258
1464,C01464,2025-07-19,159
1465,C01465,2025-05-22,188
1466,C01466,2025-04-21,312
1467,C01467,2025-01-05,114
1468,C01468,2025-06-16,97
1469,C01469,2025-11-24,30
1470,C01470,2025-10-24,261
1471,C01471,2025-11-08,247
1472,C01472,2025-03-17,41
1473,C01473,2025-04-21,162
1474,C01474,2025-08-01,131
1475,C01475,2025-10-26,45
1476,C01476,2025-01-09,365
1477,C01477,2025-03-27,69
1478,C01478,2025-06-10,30
1479,C01479,2025-09-04,168
1480,C01480,2025-10-27,219
1481,C01481,2025-01-21,30
1482,C01482,2025-06-10,188
1483,C01483,2025-02-22,149
1484,C01484,2025-09-13,41
1485,C01485,2025-08-11,59
1486,C01486,2025-10-24,160
1487,C01487,2025-02-05,89
1488,C01488,2025-04-23,356
1489,C01489,2025-01-19,257
1490,C01490,2025-08-10,365
1491,C01491,2025-05-31,80
1492,C01492,2025-01-14,365
1493,C01493,2025-10-08,122
1494,C01494,2025-10-24,102
1495,C01495,2025-10-24,30
1496,C01496,2025-04-10,30
1497,C01497,2025-02-17,200
1498,C01498,2025-03-16,129
1499,C01499,2025-05-01,72
1500,C01500,2025-07-09,174
1501,C01501,2025-06-18,79
1502,C01502,2025-09-02,163
1503,C01503,2025-10-05,104
1504,C01504,2025-10-05,259
1505,C01505,2025-02-02,258
1506,C01506,2025-06-17,134
1507,C01507,2025-03-09,102
1508,C01508,2025-10-19,105
1509,C01509,2025-06-05,250
1510,C01510,2025-06-16,97
1511,C01511,2025-05-26,68
1512,C01512,2025-07-01,35
1513,C01513,2025-05-29,132
1514,C01514,2025-11-26,136
1515,C01515,2025-07-23,270
1516,C01516,2025-04-12,71
1517,C01517,2025-10-19,110
1518,C01518,2025-01-23,251
1519,C01519,2025-03-29,259
1520,C01520,2025-11-02,111
1521,C01521,2025-11-10,130
1522,C01522,2025-06-26,91
1523,C01523,2025-06-28,348
1524,C01524,2025-10-25,45
1525,C01525,2025-09-12,350
1526,C01526,2025-03-20,197
1527,C01527,2025-05-11,149
1528,C01528,2025-09-17,30
1529,C01529,2025-11-21,134
1530,C01530,2025-02-11,116
1531,C01531,2025-04-23,56
1532,C01532,2025-11-20,188
1533,C01533,2025-10-18,365
1534,C01534,2025-07-01,158
1535,C01535,2025-08-12,209
1536,C01536,2025-04-14,30
1537,C01537,2025-11-16,119
1538,C01538,2025-04-24,44
1539,C01539,2025-05-29,173
1540,C01540,2025-06-23,356
1541,C01541,2025-01-11,189
1542,C01542,2025-09-20,33
1543,C01543,2025-04-14,103
1544,C01544,2025-04-23,155
1545,C01545,2025-01-18,115
1546,C01546,2025-10-04,265
1547,C01547,2025-01-02,254
1548,C01548,2025-04-25,173
1549,C01549,2025-10-27,108
1550,C01550,2025-02-28,79
1551,C01551,2025-05-21,41
1552,C01552,2025-04-05,103
1553,C01553,2025-01-13,118
1554,C01554,2025-04-28,194
1555,C01555,2025-05-25,188
1556,C01556,2025-11-16,31
1557,C01557,2025-11-21,113
1558,C01558,2025-05-24,61
1559,C01559,2025-11-11,55
1560,C01560,2025-08-05,262
1561,C01561,2025-05-07,30
1562,C01562,2025-01-31,119
1563,C01563,2025-03-08,58
1564,C01564,2025-05-25,296
1565,C01565,2025-06-11,156
1566,C01566,2025-02-21,73
1567,C01567,2025-05-13,141
1568,C01568,2025-06-22,216
1569,C01569,2025-03-27,365
1570,C01570,2025-04-20,71
1571,C01571,2025-11-26,301
1572,C01572,2025-11-04,350
1573,C01573,2025-10-31,329
1574,C01574,2025-07-22,181
1575,C01575,2025-09-15,179
1576,C01576,2025-10-06,115
1577,C01577,2025-11-07,224
1578,C01578,2025-04-21,149
1579,C01579,2025-02-21,195
1580,C01580,2025-11-29,122
1581,C01581,2025-08-26,216
1582,C01582,2025-10-25,260
1583,C01583,2025-03-07,52
1584,C01584,2025-02-21,265
1585,C01585,2025-06-29,152
1586,C01586,2025-09-19,272
1587,C01587,2025-02-18,122
1588,C01588,2025-07-26,109
1589,C01589,2025-06-11,328
1590,C01590,2025-09-10,78
1591,C01591,2025-11-11,272
1592,C01592,2025-11-06,136
1593,C01593,2025-05-22,144
1594,C01594,2025-04-11,92
1595,C01595,2025-09-02,161
1596,C01596,2025-11-12,96
1597,C01597,2025-02-03,30
1598,C01598,2025-09-10,83
1599,C01599,2025-03-16,30
1600,C01600,2025-07-09,365
1601,C01601,2025-03-21,365
1602,C01602,2025-10-06,113
1603,C01603,2025-11-18,214
1604,C01604,2025-06-24,101
1605,C01605,2025-06-23,193
1606,C01606,2025-01-17,250
1607,C01607,2025-02-25,365
1608,C01608,2025-02-26,115
1609,C01609,2025-11-21,238
1610,C01610,2025-03-04,82
1611,C01611,2025-03-07,365
1612,C01612,2025-05-09,30
1613,C01613,2025-11-06,170
1614,C01614,2025-09-22,189
1615,C01615,2025-10-04,199
1616,C01616,2025-07-11,45
1617,C01617,2025-09-01,356
1618,C01618,2025-01-28,61
1619,C01619,2025-11-25,176
1620,C01620,2025-09-15,71
1621,C01621,2025-11-06,92
1622,C01622,2025-06-12,153
1623,C01623,2025-10-14,119
1624,C01624,2025-05-18,56
1625,C01625,2025-06-05,58
1626,C01626,2025-11-09,119
1627,C01627,2025-01-21,226
1628,C01628,2025-10-18,312
1629,C01629,2025-11-18,35
1630,C01630,2025-07-03,113
1631,C01631,2025-04-25,40
1632,C01632,2025-05-11,30
1633,C01633,2025-03-05,189
1634,C01634,2025-04-11,170
1635,C01635,2025-04-19,56
1636,C01636,2025-11-24,74
1637,C01637,2025-06-20,30
1638,C01638,2025-01-18,266
1639,C01639,2025-05-03,365
1640,C01640,2025-08-08,49
1641,C01641,2025-09-22,73
1642,C01642,2025-09-30,288
1643,C01643,2025-05-12,341
1644,C01644,2025-05-08,119
1645,C01645,2025-09-22,30
1646,C01646,2025-03-01,30
1647,C01647,2025-03-04,161
1648,C01648,2025-01-17,113
1649,C01649,2025-08-30,30
1650,C01650,2025-06-20,164
1651,C01651,2025-11-01,30
1652,C01652,2025-11-22,240
1653,C01653,2025-02-05,92
1654,C01654,2025-04-30,30
1655,C01655,2025-02-17,166
1656,C01656,2025-08-23,114
1657,C01657,2025-03-11,365
1658,C01658,2025-05-03,153
1659,C01659,2025-06-07,84
1660,C01660,2025-09-06,207
1661,C01661,2025-10-23,83
1662,C01662,2025-09-18,317
1663,C01663,2025-10-18,108
1664,C01664,2025-06-26,154
1665,C01665,2025-09-14,30
1666,C01666,2025-01-27,121
1667,C01667,2025-09-08,264
1668,C01668,2025-09-02,250
1669,C01669,2025-07-08,72
1670,C01670,2025-06-25,72
1671,C01671,2025-05-15,256
1672,C01672,2025-04-05,345
1673,C01673,2025-12-01,38
1674,C01674,2025-04-22,127
1675,C01675,2025-02-17,99
1676,C01676,2025-04-14,290
1677,C01677,2025-09-17,35
1678,C01678,2025-08-09,68
1679,C01679,2025-07-02,224
1680,C01680,2025-08-22,30
1681,C01681,2025-05-23,138
1682,C01682,2025-06-20,125
1683,C01683,2025-09-04,98
1684,C01684,2025-06-12,113
1685,C01685,2025-08-03,149
1686,C01686,2025-07-13,56
1687,C01687,2025-08-19,161
1688,C01688,2025-02-01,250
1689,C01689,2025-01-20,228
1690,C01690,2025-08-02,54
1691,C01691,2025-11-24,53
1692,C01692,2025-03-16,82
1693,C01693,2025-09-21,105
1694,C01694,2025-04-24,117
1695,C01695,2025-10-23,196
1696,C01696,2025-05-13,30
1697,C01697,2025-03-14,30
1698,C01698,2025-01-09,113
1699,C01699,2025-06-08,202
1700,C01700,2025-01-19,64
1701,C01701,2025-09-10,183
1702,C01702,2025-01-19,80
1703,C01703,2025-08-14,301
1704,C01704,2025-03-27,310
1705,C01705,2025-11-26,89
1706,C01706,2025-09-10,73
1707,C01707,2025-05-09,117
1708,C01708,2025-01-23,76
1709,C01709,2025-11-11,193
1710,C01710,2025-11-30,261
1711,C01711,2025-07-29,193
1712,C01712,2025-02-09,260
1713,C01713,2025-05-29,114
1714,C01714,2025-11-19,55
1715,C01715,2025-11-21,218
1716,C01716,2025-09-07,105
1717,C01717,2025-11-21,193
1718,C01718,2025-11-08,83
1719,C01719,2025-02-05,34
1720,C01720,2025-04-04,365
1721,C01721,2025-08-03,55
1722,C01722,2025-07-09,365
1723,C01723,2025-10-09,365
1724,C01724,2025-04-09,244
1725,C01725,2025-06-13,189
1726,C01726,2025-04-26,163
1727,C01727,2025-08-06,286
1728,C01728,2025-01-28,87
1729,C01729,2025-06-03,132
1730,C01730,2025-02-18,175
1731,C01731,2025-01-30,117
1732,C01732,2025-02-06,121
1733,C01733,2025-09-12,97
1734,C01734,2025-05-06,159
1735,C01735,2025-07-06,276
1736,C01736,2025-10-27,66
1737,C01737,2025-01-25,351
1738,C01738,2025-10-05,199
1739,C01739,2025-07-25,259
1740,C01740,2025-05-15,156
1741,C01741,2025-04-04,237
1742,C01742,2025-10-29,30
1743,C01743,2025-09-01,256
1744,C01744,2025-05-10,30
1745,C01745,2025-01-05,305
1746,C01746,2025-02-01,365
1747,C01747,2025-05-04,89
1748,C01748,2025-06-27,68
1749,C01749,2025-11-09,230
1750,C01750,2025-02-13,79
1751,C01751,2025-11-29,286
1752,C01752,2025-04-27,40
1753,C01753,2025-11-13,47
1754,C01754,2025-07-04,365
1755,C01755,2025-10-14,194
1756,C01756,2025-06-09,273
1757,C01757,2025-08-29,96
1758,C01758,2025-08-20,195
1759,C01759,2025-03-28,168
1760,C01760,2025-08-08,170
1761,C01761,2025-04-19,197
1762,C01762,2025-09-28,162
1763,C01763,2025-01-02,122
1764,C01764,2025-03-16,84
1765,C01765,2025-02-11,232
1766,C01766,2025-04-04,72
1767,C01767,2025-05-31,200
1768,C01768,2025-04-01,74
1769,C01769,2025-07-31,177
1770,C01770,2025-03-10,222
1771,C01771,2025-07-25,70
1772,C01772,2025-04-10,30
1773,C01773,2025-11-15,48
1774,C01774,2025-10-24,171
1775,C01775,2025-11-12,275
1776,C01776,2025-04-22,30
1777,C01777,2025-02-24,217
1778,C01778,2025-11-25,100
1779,C01779,2025-08-25,135
1780,C01780,2025-04-07,344
1781,C01781,2025-09-07,98
1782,C01782,2025-02-08,131
1783,C01783,2025-11-19,30
1784,C01784,2025-01-03,34
1785,C01785,2025-12-01,80
1786,C01786,2025-02-13,30
1787,C01787,2025-01-12,179
1788,C01788,2025-10-23,121
1789,C01789,2025-01-19,154
1790,C01790,2025-01-21,59
1791,C01791,2025-08-14,89
1792,C01792,2025-11-19,190
1793,C01793,2025-04-16,365
1794,C01794,2025-09-10,30
1795,C01795,2025-07-26,305
1796,C01796,2025-04-16,162
1797,C01797,2025-01-11,158
1798,C01798,2025-07-11,141
1799,C01799,2025-11-05,31
1800,C01800,2025-09-28,37
1801,C01801,2025-06-23,170
1802,C01802,2025-04-18,100
1803,C01803,2025-03-17,330
1804,C01804,2025-06-22,116
1805,C01805,2025-02-05,51
1806,C01806,2025-02-03,209
1807,C01807,2025-02-19,88
1808,C01808,2025-11-23,147
1809,C01809,2025-05-22,202
1810,C01810,2025-08-07,314
1811,C01811,2025-03-08,243
1812,C01812,2025-09-14,195
1813,C01813,2025-09-01,196
1814,C01814,2025-03-12,365
1815,C01815,2025-01-05,89
1816,C01816,2025-03-21,30
1817,C01817,2025-07-23,83
1818,C01818,2025-03-02,70
1819,C01819,2025-03-14,189
1820,C01820,2025-06-15,180
1821,C01821,2025-12-02,167
1822,C01822,2025-01-24,30
1823,C01823,2025-09-30,214
1824,C01824,2025-02-22,96
1825,C01825,2025-08-04,191
1826,C01826,2025-08-18,156
1827,C01827,2025-06-11,100
1828,C01828,2025-05-13,49
1829,C01829,2025-06-21,38
1830,C01830,2025-02-01,264
1831,C01831,2025-08-05,332
1832,C01832,2025-10-20,185
1833,C01833,2025-01-25,41
1834,C01834,2025-06-30,115
1835,C01835,2025-05-10,214
1836,C01836,2025-08-17,237
1837,C01837,2025-03-27,45
1838,C01838,2025-01-03,30
1839,C01839,2025-07-26,208
1840,C01840,2025-02-13,104
1841,C01841,2025-11-13,79
1842,C01842,2025-02-24,30
1843,C01843,2025-02-21,152
1844,C01844,2025-12-02,276
1845,C01845,2025-08-06,365
1846,C01846,2025-10-29,159
1847,C01847,2025-05-19,144
1848,C01848,2025-04-02,35
1849,C01849,2025-10-05,154
1850,C01850,2025-01-12,110
1851,C01851,2025-06-25,172
1852,C01852,2025-06-07,112
1853,C01853,2025-05-11,76
1854,C01854,2025-11-21,38
1855,C01855,2025-03-02,94
1856,C01856,2025-06-05,39
1857,C01857,2025-04-05,60
1858,C01858,2025-05-01,365
1859,C01859,2025-03-27,126
1860,C01860,2025-02-07,149
1861,C01861,2025-07-30,292
1862,C01862,2025-04-30,365
1863,C01863,2025-01-31,164
1864,C01864,2025-02-21,253
1865,C01865,2025-06-01,97
1866,C01866,2025-10-25,91
1867,C01867,2025-04-24,115
1868,C01868,2025-06-02,193
1869,C01869,2025-06-08,197
1870,C01870,2025-02-12,94
1871,C01871,2025-07-05,49
1872,C01872,2025-07-30,180
1873,C01873,2025-02-05,47
1874,C01874,2025-01-29,163
1875,C01875,2025-04-13,201
1876,C01876,2025-11-25,203
1877,C01877,2025-07-27,225
1878,C01878,2025-03-14,291
1879,C01879,2025-06-29,140
1880,C01880,2025-11-28,215
1881,C01881,2025-09-08,175
1882,C01882,2025-06-11,62
1883,C01883,2025-02-16,30
1884,C01884,2025-05-24,86
1885,C01885,2025-01-26,125
1886,C01886,2025-08-06,175
1887,C01887,2025-04-29,275
1888,C01888,2025-08-11,65
1889,C01889,2025-07-11,47
1890,C01890,2025-11-07,365
1891,C01891,2025-07-20,42
1892,C01892,2025-02-03,135
1893,C01893,2025-04-15,165
1894,C01894,2025-09-18,152
1895,C01895,2025-01-09,36
1896,C01896,2025-02-04,30
1897,C01897,2025-02-17,41
1898,C01898,2025-12-02,165
1899,C01899,2025-07-09,153
1900,C01900,2025-02-19,74
1901,C01901,2025-07-14,181
1902,C01902,2025-10-11,257
1903,C01903,2025-02-02,30
1904,C01904,2025-09-25,140
1905,C01905,2025-09-04,199
1906,C01906,2025-04-27,79
1907,C01907,2025-05-25,92
1908,C01908,2025-10-01,174
1909,C01909,2025-09-21,312
1910,C01910,2025-06-25,252
1911,C01911,2025-06-17,164
1912,C01912,2025-09-05,215
1913,C01913,2025-06-10,106
1914,C01914,2025-03-09,182
1915,C01915,2025-09-21,131
1916,C01916,2025-04-02,63
1917,C01917,2025-09-17,204
1918,C01918,2025-06-27,156
1919,C01919,2025-01-13,104
1920,C01920,2025-08-27,324
1921,C01921,2025-08-23,30
1922,C01922,2025-07-24,94
1923,C01923,2025-08-23,30
1924,C01924,2025-11-14,231
1925,C01925,2025-09-12,204
1926,C01926,2025-02-27,98
1927,C01927,2025-01-06,194
1928,C01928,2025-07-27,114
1929,C01929,2025-01-27,226
1930,C01930,2025-09-05,128
1931,C01931,2025-05-04,118
1932,C01932,2025-07-13,351
1933,C01933,2025-09-29,78
1934,C01934,2025-09-18,45
1935,C01935,2025-05-18,165
1936,C01936,2025-07-13,365
1937,C01937,2025-01-21,109
1938,C01938,2025-09-01,30
1939,C01939,2025-02-01,100
1940,C01940,2025-04-23,142
1941,C01941,2025-02-15,56
1942,C01942,2025-08-23,188
1943,C01943,2025-03-11,365
1944,C01944,2025-08-15,128
1945,C01945,2025-01-07,103
1946,C01946,2025-03-13,115
1947,C01947,2025-11-30,44
1948,C01948,2025-09-09,299
1949,C01949,2025-02-24,118
1950,C01950,2025-01-09,111
1951,C01951,2025-02-02,189
1952,C01952,2025-08-08,125
1953,C01953,2025-04-26,185
1954,C01954,2025-07-02,30
1955,C01955,2025-07-03,254
1956,C01956,2025-11-21,359
1957,C01957,2025-07-23,185
1958,C01958,2025-02-02,365
1959,C01959,2025-02-13,53
1960,C01960,2025-02-06,134
1961,C01961,2025-04-19,170
1962,C01962,2025-03-07,164
1963,C01963,2025-10-21,115
1964,C01964,2025-01-11,99
1965,C01965,2025-02-04,47
1966,C01966,2025-11-12,112
1967,C01967,2025-08-18,56
1968,C01968,2025-02-03,217
1969,C01969,2025-08-08,68
1970,C01970,2025-08-01,30
1971,C01971,2025-02-25,155
1972,C01972,2025-02-14,168
1973,C01973,2025-05-14,290
1974,C01974,2025-10-13,162
1975,C01975,2025-03-07,101
1976,C01976,2025-01-13,248
1977,C01977,2025-03-01,152
1978,C01978,2025-07-15,34
1979,C01979,2025-03-03,159
1980,C01980,2025-02-16,321
1981,C01981,2025-01-03,114
1982,C01982,2025-10-12,89
1983,C01983,2025-11-06,51
1984,C01984,2025-06-29,53
1985,C01985,2025-04-08,123
1986,C01986,2025-06-30,168
1987,C01987,2025-02-15,34
1988,C01988,2025-07-20,358
1989,C01989,2025-07-12,226
1990,C01990,2025-08-19,165
1991,C01991,2025-06-28,262
1992,C01992,2025-07-10,34
1993,C01993,2025-12-01,134
1994,C01994,2025-09-17,179
1995,C01995,2025-07-24,262
1996,C01996,2025-09-04,239
1997,C01997,2025-03-15,84
1998,C01998,2025-08-17,359
1999,C01999,2025-09-20,46
2000,C02000,2025-10-25,293
2001,C02001,2025-06-27,365
2002,C02002,2025-09-23,60
2003,C02003,2025-01-25,212
2004,C02004,2025-04-06,30
2005,C02005,2025-02-08,116
2006,C02006,2025-10-28,145
2007,C02007,2025-09-10,163
2008,C02008,2025-03-15,353
2009,C02009,2025-01-27,193
2010,C02010,2025-06-14,135
2011,C02011,2025-06-13,252
2012,C02012,2025-10-17,365
2013,C02013,2025-07-15,30
2014,C02014,2025-08-07,365
2015,C02015,2025-03-01,36
2016,C02016,2025-05-03,254
2017,C02017,2025-04-27,85
2018,C02018,2025-11-07,48
2019,C02019,2025-11-24,125
2020,C02020,2025-03-07,183
2021,C02021,2025-11-23,110
2022,C02022,2025-08-04,30
2023,C02023,2025-07-31,169
2024,C02024,2025-06-16,316
2025,C02025,2025-09-22,110
2026,C02026,2025-07-04,70
2027,C02027,2025-05-09,125
2028,C02028,2025-10-15,30
2029,C02029,2025-07-02,258
2030,C02030,2025-02-13,261
2031,C02031,2025-09-26,166
2032,C02032,2025-10-14,103
2033,C02033,2025-07-04,247
2034,C02034,2025-11-14,156
2035,C02035,2025-08-25,261
2036,C02036,2025-10-04,179
2037,C02037,2025-06-19,239
2038,C02038,2025-05-15,169
2039,C02039,2025-07-10,118
2040,C02040,2025-06-22,365
2041,C02041,2025-04-05,152
2042,C02042,2025-09-25,171
2043,C02043,2025-06-11,71
2044,C02044,2025-10-15,177
2045,C02045,2025-08-17,161
2046,C02046,2025-04-21,62
2047,C02047,2025-06-25,30
2048,C02048,2025-08-06,171
2049,C02049,2025-07-07,229
2050,C02050,2025-07-06,147
2051,C02051,2025-02-13,72
2052,C02052,2025-07-13,191
2053,C02053,2025-06-26,34
2054,C02054,2025-11-22,125
2055,C02055,2025-07-18,57
2056,C02056,2025-09-16,62
2057,C02057,2025-09-17,66
2058,C02058,2025-03-24,111
2059,C02059,2025-03-20,30
2060,C02060,2025-01-17,114
2061,C02061,2025-02-15,144
2062,C02062,2025-03-15,136
2063,C02063,2025-09-09,110
2064,C02064,2025-07-10,269
2065,C02065,2025-01-14,52
2066,C02066,2025-10-22,142
2067,C02067,2025-07-31,30
2068,C02068,2025-06-19,31
2069,C02069,2025-04-06,161
2070,C02070,2025-02-26,159
2071,C02071,2025-05-29,295
2072,C02072,2025-02-04,157
2073,C02073,2025-11-14,365
2074,C02074,2025-09-26,30
2075,C02075,2025-04-29,39
2076,C02076,2025-08-23,30
2077,C02077,2025-10-22,62
2078,C02078,2025-02-18,152
2079,C02079,2025-06-19,184
2080,C02080,2025-08-16,30
2081,C02081,2025-10-28,365
2082,C02082,2025-04-15,270
2083,C02083,2025-04-18,89
2084,C02084,2025-06-22,33
2085,C02085,2025-09-21,58
2086,C02086,2025-07-20,47
2087,C02087,2025-09-24,46
2088,C02088,2025-05-21,146
2089,C02089,2025-03-09,77
2090,C02090,2025-10-15,104
2091,C02091,2025-01-21,365
2092,C02092,2025-07-26,197
2093,C02093,2025-11-28,365
2094,C02094,2025-11-06,51
2095,C02095,2025-06-26,110
2096,C02096,2025-07-07,156
2097,C02097,2025-03-14,33
2098,C02098,2025-04-17,30
2099,C02099,2025-05-17,192
2100,C02100,2025-10-14,183
2101,C02101,2025-09-27,117
2102,C02102,2025-02-06,138
2103,C02103,2025-10-06,118
2104,C02104,2025-03-19,30
2105,C02105,2025-01-11,99
2106,C02106,2025-07-26,60
2107,C02107,2025-05-02,39
2108,C02108,2025-06-14,365
2109,C02109,2025-03-20,169
2110,C02110,2025-08-23,214
2111,C02111,2025-05-08,94
2112,C02112,2025-02-15,113
2113,C02113,2025-02-20,75
2114,C02114,2025-08-09,39
2115,C02115,2025-03-14,60
2116,C02116,2025-07-06,245
2117,C02117,2025-02-06,195
2118,C02118,2025-10-28,154
2119,C02119,2025-01-04,134
2120,C02120,2025-02-19,336
2121,C02121,2025-02-03,32
2122,C02122,2025-01-26,85
2123,C02123,2025-05-09,102
2124,C02124,2025-08-19,238
2125,C02125,2025-06-28,365
2126,C02126,2025-08-04,76
2127,C02127,2025-10-09,292
2128,C02128,2025-11-21,263
2129,C02129,2025-07-11,72
2130,C02130,2025-07-20,114
2131,C02131,2025-11-30,117
2132,C02132,2025-07-12,365
2133,C02133,2025-11-03,61
2134,C02134,2025-04-10,246
2135,C02135,2025-02-27,98
2136,C02136,2025-08-10,215
2137,C02137,2025-08-21,120
2138,C02138,2025-08-07,163
2139,C02139,2025-11-28,265
2140,C02140,2025-03-30,249
2141,C02141,2025-01-16,286
2142,C02142,2025-08-04,30
2143,C02143,2025-02-20,200
2144,C02144,2025-07-07,50
2145,C02145,2025-09-10,119
2146,C02146,2025-04-16,154
2147,C02147,2025-02-18,115
2148,C02148,2025-06-25,146
2149,C02149,2025-03-06,365
2150,C02150,2025-10-26,49
2151,C02151,2025-04-21,194
2152,C02152,2025-07-14,114
2153,C02153,2025-02-14,49
2154,C02154,2025-07-05,55
2155,C02155,2025-08-11,365
2156,C02156,2025-04-10,296
2157,C02157,2025-09-28,320
2158,C02158,2025-03-20,365
2159,C02159,2025-03-29,68
2160,C02160,2025-01-06,104
2161,C02161,2025-01-14,192
2162,C02162,2025-06-06,136
2163,C02163,2025-05-27,119
2164,C02164,2025-07-02,104
2165,C02165,2025-05-21,167
2166,C02166,2025-01-26,162
2167,C02167,2025-03-16,56
2168,C02168,2025-07-13,133
2169,C02169,2025-01-21,155
2170,C02170,2025-08-24,160
2171,C02171,2025-04-03,68
2172,C02172,2025-11-21,220
2173,C02173,2025-04-08,30
2174,C02174,2025-10-15,103
2175,C02175,2025-10-22,237
2176,C02176,2025-06-20,158
2177,C02177,2025-09-12,81
2178,C02178,2025-02-15,201
2179,C02179,2025-06-28,159
2180,C02180,2025-05-01,245
2181,C02181,2025-06-28,217
2182,C02182,2025-07-22,172
2183,C02183,2025-09-27,137
2184,C02184,2025-11-26,49
2185,C02185,2025-11-19,81
2186,C02186,2025-09-21,119
2187,C02187,2025-06-23,169
2188,C02188,2025-09-28,144
2189,C02189,2025-07-26,87
2190,C02190,2025-05-11,30
2191,C02191,2025-03-02,139
2192,C02192,2025-03-22,87
2193,C02193,2025-03-12,217
2194,C02194,2025-11-08,30
2195,C02195,2025-02-25,165
2196,C02196,2025-03-25,360
2197,C02197,2025-01-27,59
2198,C02198,2025-02-17,133
2199,C02199,2025-06-22,37
2200,C02200,2025-08-30,177
2201,C02201,2025-03-08,155
2202,C02202,2025-01-16,116
2203,C02203,2025-08-15,146
2204,C02204,2025-01-27,310
2205,C02205,2025-04-09,65
2206,C02206,2025-11-08,30
2207,C02207,2025-07-15,283
2208,C02208,2025-08-08,162
2209,C02209,2025-11-08,305
2210,C02210,2025-09-15,168
2211,C02211,2025-09-26,252
2212,C02212,2025-06-13,122
2213,C02213,2025-11-21,223
2214,C02214,2025-02-18,326
2215,C02215,2025-07-28,161
2216,C02216,2025-08-29,61
2217,C02217,2025-09-02,82
2218,C02218,2025-07-15,65
2219,C02219,2025-11-02,77
2220,C02220,2025-01-03,92
2221,C02221,2025-11-13,156
2222,C02222,2025-07-10,166
2223,C02223,2025-01-21,121
2224,C02224,2025-06-26,174
2225,C02225,2025-10-21,34
2226,C02226,2025-03-24,36
2227,C02227,2025-07-26,59
2228,C02228,2025-10-04,145
2229,C02229,2025-07-05,69
2230,C02230,2025-02-19,86
2231,C02231,2025-11-28,115
2232,C02232,2025-03-12,253
2233,C02233,2025-07-26,30
2234,C02234,2025-03-11,185
2235,C02235,2025-06-08,192
2236,C02236,2025-03-25,246
2237,C02237,2025-10-08,348
2238,C02238,2025-09-11,30
2239,C02239,2025-08-26,54
2240,C02240,2025-07-07,301
2241,C02241,2025-01-08,129
2242,C02242,2025-06-30,159
2243,C02243,2025-05-27,190
2244,C02244,2025-03-15,196
2245,C02245,2025-09-14,347
2246,C02246,2025-03-26,365
2247,C02247,2025-08-28,211
2248,C02248,2025-03-18,87
2249,C02249,2025-03-18,296
2250,C02250,2025-08-22,30
2251,C02251,2025-10-24,73
2252,C02252,2025-03-05,311
2253,C02253,2025-08-24,79
2254,C02254,2025-01-29,71
2255,C02255,2025-04-26,50
2256,C02256,2025-01-29,281
2257,C02257,2025-08-01,140
2258,C02258,2025-04-16,194
2259,C02259,2025-06-08,75
2260,C02260,2025-10-01,227
2261,C02261,2025-08-09,228
2262,C02262,2025-05-26,93
2263,C02263,2025-10-02,117
2264,C02264,2025-03-22,68
2265,C02265,2025-11-26,365
2266,C02266,2025-07-01,184
2267,C02267,2025-09-02,351
2268,C02268,2025-11-19,91
2269,C02269,2025-04-18,238
2270,C02270,2025-09-08,230
2271,C02271,2025-07-23,200
2272,C02272,2025-06-03,365
2273,C02273,2025-10-02,113
2274,C02274,2025-04-28,48
2275,C02275,2025-04-01,193
2276,C02276,2025-04-17,215
2277,C02277,2025-09-15,162
2278,C02278,2025-07-07,67
2279,C02279,2025-07-18,142
2280,C02280,2025-01-23,93
2281,C02281,2025-09-29,121
2282,C02282,2025-11-20,184
2283,C02283,2025-05-04,221
2284,C02284,2025-04-05,74
2285,C02285,2025-05-04,116
2286,C02286,2025-06-05,83
2287,C02287,2025-06-13,65
2288,C02288,2025-06-26,238
2289,C02289,2025-06-22,322
2290,C02290,2025-05-29,107
2291,C02291,2025-05-26,224
2292,C02292,2025-01-29,311
2293,C02293,2025-03-22,273
2294,C02294,2025-06-03,61
2295,C02295,2025-08-08,365
2296,C02296,2025-02-24,109
2297,C02297,2025-05-21,100
2298,C02298,2025-10-30,30
2299,C02299,2025-10-12,137
2300,C02300,2025-08-13,42
2301,C02301,2025-03-26,78
2302,C02302,2025-09-12,94
2303,C02303,2025-04-15,251
2304,C02304,2025-04-20,293
2305,C02305,2025-04-14,91
2306,C02306,2025-04-26,281
2307,C02307,2025-10-22,280
2308,C02308,2025-11-12,230
2309,C02309,2025-10-22,52
2310,C02310,2025-08-12,200
2311,C02311,2025-08-20,365
2312,C02312,2025-05-25,197
2313,C02313,2025-11-16,98
2314,C02314,2025-08-05,141
2315,C02315,2025-07-27,184
2316,C02316,2025-07-26,143
2317,C02317,2025-10-04,45
2318,C02318,2025-10-16,93
2319,C02319,2025-11-04,248
2320,C02320,2025-08-28,283
2321,C02321,2025-11-23,50
2322,C02322,2025-04-05,365
2323,C02323,2025-01-23,97
2324,C02324,2025-04-15,190
2325,C02325,2025-03-01,224
2326,C02326,2025-02-22,253
2327,C02327,2025-05-14,365
2328,C02328,2025-03-31,93
2329,C02329,2025-02-16,281
2330,C02330,2025-03-14,48
2331,C02331,2025-05-03,205
2332,C02332,2025-05-17,220
2333,C02333,2025-09-15,195
2334,C02334,2025-06-13,79
2335,C02335,2025-09-25,291
2336,C02336,2025-09-07,58
2337,C02337,2025-08-24,30
2338,C02338,2025-11-25,210
2339,C02339,2025-01-04,134
2340,C02340,2025-05-17,275
2341,C02341,2025-09-07,110
2342,C02342,2025-10-21,58
2343,C02343,2025-08-16,267
2344,C02344,2025-07-04,154
2345,C02345,2025-11-16,63
2346,C02346,2025-07-23,211
2347,C02347,2025-07-08,144
2348,C02348,2025-03-01,171
2349,C02349,2025-04-15,130
2350,C02350,2025-01-23,262
2351,C02351,2025-04-19,263
2352,C02352,2025-07-17,207
2353,C02353,2025-05-06,41
2354,C02354,2025-11-05,268
2355,C02355,2025-10-13,193
2356,C02356,2025-03-17,202
2357,C02357,2025-03-17,105
2358,C02358,2025-11-25,296
2359,C02359,2025-01-17,213
2360,C02360,2025-07-18,43
2361,C02361,2025-10-26,116
2362,C02362,2025-08-14,302
2363,C02363,2025-04-27,30
2364,C02364,2025-04-24,365
2365,C02365,2025-07-20,196
2366,C02366,2025-03-22,179
2367,C02367,2025-01-08,83
2368,C02368,2025-10-15,78
2369,C02369,2025-02-14,361
2370,C02370,2025-01-13,90
2371,C02371,2025-09-16,235
2372,C02372,2025-08-20,113
2373,C02373,2025-06-17,50
2374,C02374,2025-04-30,30
2375,C02375,2025-08-06,153
2376,C02376,2025-05-27,365
2377,C02377,2025-03-23,107
2378,C02378,2025-03-12,104
2379,C02379,2025-07-07,101
2380,C02380,2025-06-22,146
2381,C02381,2025-07-16,125
2382,C02382,2025-03-20,297
2383,C02383,2025-03-09,142
2384,C02384,2025-06-05,143
2385,C02385,2025-06-26,50
2386,C02386,2025-02-18,365
2387,C02387,2025-02-18,78
2388,C02388,2025-04-21,32
2389,C02389,2025-11-22,190
2390,C02390,2025-11-23,168
2391,C02391,2025-03-07,118
2392,C02392,2025-03-05,120
2393,C02393,2025-06-03,239
2394,C02394,2025-07-03,65
2395,C02395,2025-01-22,258
2396,C02396,2025-01-03,185
2397,C02397,2025-08-01,119
2398,C02398,2025-08-11,129
2399,C02399,2025-02-28,80
2400,C02400,2025-05-04,224
2401,C02401,2025-06-14,144
2402,C02402,2025-02-18,95
2403,C02403,2025-06-12,168
2404,C02404,2025-08-12,365
2405,C02405,2025-08-03,123
2406,C02406,2025-11-01,334
2407,C02407,2025-04-25,101
2408,C02408,2025-08-06,30
2409,C02409,2025-10-25,67
2410,C02410,2025-03-10,119
2411,C02411,2025-04-14,71
2412,C02412,2025-11-15,30
2413,C02413,2025-07-07,328
2414,C02414,2025-07-07,271
2415,C02415,2025-07-30,220
2416,C02416,2025-02-04,58
2417,C02417,2025-04-09,45
2418,C02418,2025-07-21,30
2419,C02419,2025-07-05,213
2420,C02420,2025-04-11,344
2421,C02421,2025-04-23,122
2422,C02422,2025-05-14,45
2423,C02423,2025-03-22,144
2424,C02424,2025-09-08,102
2425,C02425,2025-07-06,108
2426,C02426,2025-04-12,176
2427,C02427,2025-11-11,210
2428,C02428,2025-02-21,43
2429,C02429,2025-03-09,30
2430,C02430,2025-03-20,365
2431,C02431,2025-11-04,74
2432,C02432,2025-05-04,30
2433,C02433,2025-02-23,63
2434,C02434,2025-10-14,30
2435,C02435,2025-08-30,112
2436,C02436,2025-09-06,248
2437,C02437,2025-10-20,100
2438,C02438,2025-02-28,126
2439,C02439,2025-06-15,194
2440,C02440,2025-05-28,143
2441,C02441,2025-06-02,283
2442,C02442,2025-11-30,286
2443,C02443,2025-05-26,30
2444,C02444,2025-08-07,236
2445,C02445,2025-11-14,130
2446,C02446,2025-11-10,365
2447,C02447,2025-11-03,136
2448,C02448,2025-02-11,365
2449,C02449,2025-08-17,225
2450,C02450,2025-02-25,78
2451,C02451,2025-07-28,151
2452,C02452,2025-04-18,365
2453,C02453,2025-08-14,280
2454,C02454,2025-07-20,39
2455,C02455,2025-05-31,206
2456,C02456,2025-07-12,101
2457,C02457,2025-09-22,30
2458,C02458,2025-07-27,115
2459,C02459,2025-03-17,74
2460,C02460,2025-11-30,257
2461,C02461,2025-08-21,99
2462,C02462,2025-04-23,262
2463,C02463,2025-01-17,30
2464,C02464,2025-11-23,92
2465,C02465,2025-02-04,76
2466,C02466,2025-04-16,74
2467,C02467,2025-04-28,30
2468,C02468,2025-09-28,63
2469,C02469,2025-08-13,156
2470,C02470,2025-11-20,88
2471,C02471,2025-09-08,119
2472,C02472,2025-04-13,109
2473,C02473,2025-09-04,293
2474,C02474,2025-01-23,318
2475,C02475,2025-10-10,139
2476,C02476,2025-11-21,97
2477,C02477,2025-05-08,42
2478,C02478,2025-11-19,365
2479,C02479,2025-08-04,30
2480,C02480,2025-11-13,89
2481,C02481,2025-09-19,90
2482,C02482,2025-04-04,95
2483,C02483,2025-04-24,57
2484,C02484,2025-09-24,238
2485,C02485,2025-01-25,46
2486,C02486,2025-05-06,180
2487,C02487,2025-08-24,46
2488,C02488,2025-05-31,31
2489,C02489,2025-07-24,322
2490,C02490,2025-08-14,63
2491,C02491,2025-07-24,258
2492,C02492,2025-11-13,153
2493,C02493,2025-11-09,33
2494,C02494,2025-04-20,365
2495,C02495,2025-07-02,77
2496,C02496,2025-02-13,282
2497,C02497,2025-04-17,58
2498,C02498,2025-01-27,278
2499,C02499,2025-05-15,30
2500,C02500,2025-10-26,144
2501,C02501,2025-03-18,232
2502,C02502,2025-05-29,351
2503,C02503,2025-10-07,322
2504,C02504,2025-11-13,257
2505,C02505,2025-03-05,303
2506,C02506,2025-08-06,66
2507,C02507,2025-09-23,86
2508,C02508,2025-11-29,87
2509,C02509,2025-04-26,109
2510,C02510,2025-11-19,113
2511,C02511,2025-11-30,153
2512,C02512,2025-05-01,56
2513,C02513,2025-04-18,200
2514,C02514,2025-05-31,58
2515,C02515,2025-10-09,93
2516,C02516,2025-03-24,141
2517,C02517,2025-11-09,245
2518,C02518,2025-06-24,219
2519,C02519,2025-06-28,184
2520,C02520,2025-09-12,55
2521,C02521,2025-06-27,154
2522,C02522,2025-05-29,36
2523,C02523,2025-10-04,109
2524,C02524,2025-02-01,118
2525,C02525,2025-01-18,30
2526,C02526,2025-05-06,84
2527,C02527,2025-07-04,365
2528,C02528,2025-08-16,365
2529,C02529,2025-09-18,103
2530,C02530,2025-11-03,30
2531,C02531,2025-01-23,61
2532,C02532,2025-08-08,113
2533,C02533,2025-05-25,365
2534,C02534,2025-11-14,51
2535,C02535,2025-06-13,229
2536,C02536,2025-04-19,42
2537,C02537,2025-06-03,365
2538,C02538,2025-08-12,110
2539,C02539,2025-06-03,235
2540,C02540,2025-07-10,100
2541,C02541,2025-01-18,178
2542,C02542,2025-08-09,64
2543,C02543,2025-08-12,52
2544,C02544,2025-03-27,356
2545,C02545,2025-03-27,331
2546,C02546,2025-02-03,303
2547,C02547,2025-01-24,177
2548,C02548,2025-08-07,251
2549,C02549,2025-02-05,31
2550,C02550,2025-06-25,98
2551,C02551,2025-05-19,93
2552,C02552,2025-03-18,181
2553,C02553,2025-07-08,104
2554,C02554,2025-04-07,53
2555,C02555,2025-10-17,168
2556,C02556,2025-05-19,254
2557,C02557,2025-10-17,110
2558,C02558,2025-09-16,48
2559,C02559,2025-08-01,65
2560,C02560,2025-09-19,75
2561,C02561,2025-07-19,90
2562,C02562,2025-09-04,183
2563,C02563,2025-01-12,170
2564,C02564,2025-10-03,202
2565,C02565,2025-07-18,105
2566,C02566,2025-10-14,260
2567,C02567,2025-03-19,67
2568,C02568,2025-08-18,132
2569,C02569,2025-08-12,247
2570,C02570,2025-03-24,61
2571,C02571,2025-08-07,42
2572,C02572,2025-05-19,299
2573,C02573,2025-10-13,100
2574,C02574,2025-04-02,197
2575,C02575,2025-10-29,30
2576,C02576,2025-02-04,200
2577,C02577,2025-09-25,94
2578,C02578,2025-01-17,30
2579,C02579,2025-10-15,172
2580,C02580,2025-09-20,76
2581,C02581,2025-05-25,111
2582,C02582,2025-03-17,34
2583,C02583,2025-09-24,52
2584,C02584,2025-09-04,90
2585,C02585,2025-03-18,37
2586,C02586,2025-07-30,324
2587,C02587,2025-04-16,30
2588,C02588,2025-02-11,136
2589,C02589,2025-07-27,46
2590,C02590,2025-02-26,92
2591,C02591,2025-01-24,340
2592,C02592,2025-08-25,56
2593,C02593,2025-01-11,365
2594,C02594,2025-02-09,67
2595,C02595,2025-06-04,220
2596,C02596,2025-06-12,153
2597,C02597,2025-01-21,300
2598,C02598,2025-05-29,156
2599,C02599,2025-10-07,150
2600,C02600,2025-11-02,65
2601,C02601,2025-09-10,57
2602,C02602,2025-07-04,330
2603,C02603,2025-10-28,97
2604,C02604,2025-05-04,108
2605,C02605,2025-08-19,228
2606,C02606,2025-04-27,99
2607,C02607,2025-06-23,365
2608,C02608,2025-04-27,218
2609,C02609,2025-03-08,169
2610,C02610,2025-08-05,297
2611,C02611,2025-06-04,30
2612,C02612,2025-08-19,80
2613,C02613,2025-04-30,131
2614,C02614,2025-05-12,72
2615,C02615,2025-09-24,221
2616,C02616,2025-10-20,332
2617,C02617,2025-01-08,121
2618,C02618,2025-02-05,100
2619,C02619,2025-04-19,365
2620,C02620,2025-06-02,126
2621,C02621,2025-08-18,138
2622,C02622,2025-09-10,103
2623,C02623,2025-03-28,322
2624,C02624,2025-11-12,160
2625,C02625,2025-05-21,229
2626,C02626,2025-06-08,253
2627,C02627,2025-11-26,100
2628,C02628,2025-09-24,123
2629,C02629,2025-07-29,274
2630,C02630,2025-06-26,105
2631,C02631,2025-03-30,244
2632,C02632,2025-05-14,360
2633,C02633,2025-07-08,177
2634,C02634,2025-07-13,220
2635,C02635,2025-05-18,249
2636,C02636,2025-07-02,272
2637,C02637,2025-07-14,113
2638,C02638,2025-01-24,30
2639,C02639,2025-06-21,115
2640,C02640,2025-01-23,194
2641,C02641,2025-11-12,127
2642,C02642,2025-09-12,223
2643,C02643,2025-09-25,104
2644,C02644,2025-07-25,180
2645,C02645,2025-09-07,62
2646,C02646,2025-04-29,223
2647,C02647,2025-02-01,153
2648,C02648,2025-06-25,67
2649,C02649,2025-06-08,88
2650,C02650,2025-08-08,223
2651,C02651,2025-05-21,136
2652,C02652,2025-01-10,70
2653,C02653,2025-09-08,365
2654,C02654,2025-02-17,209
2655,C02655,2025-09-13,365
2656,C02656,2025-07-04,121
2657,C02657,2025-10-03,134
2658,C02658,2025-10-03,312
2659,C02659,2025-11-05,147
2660,C02660,2025-10-21,206
2661,C02661,2025-06-17,78
2662,C02662,2025-09-08,126
2663,C02663,2025-06-09,46
2664,C02664,2025-11-16,67
2665,C02665,2025-08-27,30
2666,C02666,2025-05-19,30
2667,C02667,2025-08-27,365
2668,C02668,2025-09-29,76
2669,C02669,2025-01-07,190
2670,C02670,2025-11-28,269
2671,C02671,2025-12-01,155
2672,C02672,2025-11-11,54
2673,C02673,2025-08-13,214
2674,C02674,2025-10-07,169
2675,C02675,2025-09-28,215
2676,C02676,2025-01-07,232
2677,C02677,2025-08-27,365
2678,C02678,2025-07-12,161
2679,C02679,2025-07-31,100
2680,C02680,2025-06-19,185
2681,C02681,2025-09-08,30
2682,C02682,2025-09-18,311
2683,C02683,2025-02-12,45
2684,C02684,2025-10-05,97
2685,C02685,2025-07-18,255
2686,C02686,2025-08-26,168
2687,C02687,2025-05-25,113
2688,C02688,2025-04-04,133
2689,C02689,2025-01-18,278
2690,C02690,2025-10-15,100
2691,C02691,2025-11-01,289
2692,C02692,2025-03-01,36
2693,C02693,2025-11-13,235
2694,C02694,2025-07-02,274
2695,C02695,2025-09-26,61
2696,C02696,2025-05-03,122
2697,C02697,2025-07-13,57
2698,C02698,2025-04-15,206
2699,C02699,2025-05-04,150
2700,C02700,2025-09-15,181
2701,C02701,2025-05-03,65
2702,C02702,2025-08-09,69
2703,C02703,2025-09-02,30
2704,C02704,2025-03-08,95
2705,C02705,2025-06-18,157
2706,C02706,2025-10-06,281
2707,C02707,2025-02-22,191
2708,C02708,2025-11-07,123
2709,C02709,2025-09-28,365
2710,C02710,2025-03-30,211
2711,C02711,2025-03-24,345
2712,C02712,2025-10-20,148
2713,C02713,2025-08-28,80
2714,C02714,2025-10-22,30
2715,C02715,2025-04-20,213
2716,C02716,2025-03-16,46
2717,C02717,2025-06-19,91
2718,C02718,2025-02-27,149
2719,C02719,2025-09-05,159
2720,C02720,2025-06-08,169
2721,C02721,2025-05-20,57
2722,C02722,2025-01-30,109
2723,C02723,2025-03-11,175
2724,C02724,2025-03-10,365
2725,C02725,2025-09-20,214
2726,C02726,2025-11-25,336
2727,C02727,2025-02-09,229
2728,C02728,2025-06-22,167
2729,C02729,2025-09-09,64
2730,C02730,2025-09-22,191
2731,C02731,2025-10-09,177
2732,C02732,2025-10-17,170
2733,C02733,2025-04-09,138
2734,C02734,2025-08-21,148
2735,C02735,2025-05-07,98
2736,C02736,2025-10-22,146
2737,C02737,2025-01-21,65
2738,C02738,2025-03-10,249
2739,C02739,2025-03-15,62
2740,C02740,2025-03-19,35
2741,C02741,2025-02-23,124
2742,C02742,2025-08-11,188
2743,C02743,2025-10-24,124
2744,C02744,2025-04-27,84
2745,C02745,2025-07-27,157
2746,C02746,2025-11-25,101
2747,C02747,2025-08-24,349
2748,C02748,2025-06-10,336
2749,C02749,2025-08-18,141
2750,C02750,2025-08-24,97
2751,C02751,2025-03-18,218
2752,C02752,2025-04-01,30
2753,C02753,2025-03-03,134
2754,C02754,2025-11-01,99
2755,C02755,2025-07-19,334
2756,C02756,2025-11-21,30
2757,C02757,2025-02-04,155
2758,C02758,2025-11-17,219
2759,C02759,2025-07-27,136
2760,C02760,2025-10-01,35
2761,C02761,2025-08-16,365
2762,C02762,2025-11-12,145
2763,C02763,2025-06-28,174
2764,C02764,2025-03-09,75
2765,C02765,2025-06-24,136
2766,C02766,2025-03-18,122
2767,C02767,2025-08-23,32
2768,C02768,2025-04-24,41
2769,C02769,2025-10-05,268
2770,C02770,2025-03-31,75
2771,C02771,2025-07-28,64
2772,C02772,2025-02-23,142
2773,C02773,2025-01-12,232
2774,C02774,2025-11-08,30
2775,C02775,2025-07-25,162
2776,C02776,2025-05-21,45
2777,C02777,2025-02-25,30
2778,C02778,2025-07-02,30
2779,C02779,2025-07-23,266
2780,C02780,2025-04-20,45
2781,C02781,2025-05-28,30
2782,C02782,2025-03-13,124
2783,C02783,2025-07-22,272
2784,C02784,2025-05-06,81
2785,C02785,2025-10-04,120
2786,C02786,2025-05-04,30
2787,C02787,2025-05-01,127
2788,C02788,2025-04-21,163
2789,C02789,2025-07-25,161
2790,C02790,2025-09-18,98
2791,C02791,2025-02-20,94
2792,C02792,2025-03-01,42
2793,C02793,2025-06-30,106
2794,C02794,2025-03-30,40
2795,C02795,2025-04-29,231
2796,C02796,2025-05-27,365
2797,C02797,2025-06-23,365
2798,C02798,2025-06-06,286
2799,C02799,2025-10-30,170
2800,C02800,2025-10-23,204
2801,C02801,2025-01-30,86
2802,C02802,2025-01-23,179
2803,C02803,2025-09-19,129
2804,C02804,2025-02-27,136
2805,C02805,2025-06-10,227
2806,C02806,2025-07-06,86
2807,C02807,2025-03-05,94
2808,C02808,2025-01-12,339
2809,C02809,2025-08-17,30
2810,C02810,2025-07-17,137
2811,C02811,2025-03-07,326
2812,C02812,2025-02-17,173
2813,C02813,2025-05-05,153
2814,C02814,2025-03-06,78
2815,C02815,2025-09-28,101
2816,C02816,2025-03-30,277
2817,C02817,2025-06-30,157
2818,C02818,2025-10-17,145
2819,C02819,2025-05-16,40
2820,C02820,2025-07-08,30
2821,C02821,2025-08-01,365
2822,C02822,2025-12-02,109
2823,C02823,2025-03-31,170
2824,C02824,2025-07-28,34
2825,C02825,2025-05-26,197
2826,C02826,2025-09-27,348
2827,C02827,2025-11-29,162
2828,C02828,2025-02-03,47
2829,C02829,2025-02-12,164
2830,C02830,2025-07-13,231
2831,C02831,2025-05-26,116
2832,C02832,2025-11-12,296
2833,C02833,2025-04-20,185
2834,C02834,2025-01-24,313
2835,C02835,2025-08-08,177
2836,C02836,2025-02-04,48
2837,C02837,2025-07-14,92
2838,C02838,2025-10-25,66
2839,C02839,2025-03-26,322
2840,C02840,2025-01-04,228
2841,C02841,2025-05-10,195
2842,C02842,2025-05-07,90
2843,C02843,2025-08-10,62
2844,C02844,2025-04-22,226
2845,C02845,2025-07-22,134
2846,C02846,2025-03-27,72
2847,C02847,2025-04-28,175
2848,C02848,2025-09-03,30
2849,C02849,2025-10-18,96
2850,C02850,2025-10-26,132
2851,C02851,2025-07-14,53
2852,C02852,2025-08-25,365
2853,C02853,2025-01-09,68
2854,C02854,2025-05-27,48
2855,C02855,2025-10-29,67
2856,C02856,2025-07-09,232
2857,C02857,2025-11-03,121
2858,C02858,2025-01-03,159
2859,C02859,2025-09-10,30
2860,C02860,2025-02-25,30
2861,C02861,2025-03-08,126
2862,C02862,2025-07-02,256
2863,C02863,2025-08-23,301
2864,C02864,2025-05-02,36
2865,C02865,2025-07-06,151
2866,C02866,2025-09-11,326
2867,C02867,2025-08-15,112
2868,C02868,2025-03-03,263
2869,C02869,2025-05-16,49
2870,C02870,2025-02-22,352
2871,C02871,2025-06-13,224
2872,C02872,2025-01-10,360
2873,C02873,2025-05-11,195
2874,C02874,2025-10-01,105
2875,C02875,2025-09-21,356
2876,C02876,2025-03-27,84
2877,C02877,2025-08-01,98
2878,C02878,2025-08-04,204
2879,C02879,2025-03-03,230
2880,C02880,2025-08-05,344
2881,C02881,2025-01-20,67
2882,C02882,2025-06-22,246
2883,C02883,2025-02-20,218
2884,C02884,2025-03-13,30
2885,C02885,2025-01-17,111
2886,C02886,2025-06-25,86
2887,C02887,2025-01-29,91
2888,C02888,2025-09-05,365
2889,C02889,2025-07-14,183
2890,C02890,2025-05-14,210
2891,C02891,2025-01-28,365
2892,C02892,2025-04-20,109
2893,C02893,2025-01-03,248
2894,C02894,2025-04-25,123
2895,C02895,2025-10-23,289
2896,C02896,2025-05-21,61
2897,C02897,2025-09-26,365
2898,C02898,2025-03-14,70
2899,C02899,2025-12-01,96
2900,C02900,2025-07-31,226
2901,C02901,2025-08-15,113
2902,C02902,2025-09-08,172
2903,C02903,2025-08-05,126
2904,C02904,2025-07-29,220
2905,C02905,2025-03-23,73
2906,C02906,2025-06-03,30
2907,C02907,2025-11-17,90
2908,C02908,2025-10-02,134
2909,C02909,2025-06-28,58
2910,C02910,2025-03-10,103
2911,C02911,2025-10-29,115
2912,C02912,2025-03-11,30
2913,C02913,2025-09-30,164
2914,C02914,2025-10-14,300
2915,C02915,2025-03-23,54
2916,C02916,2025-07-07,169
2917,C02917,2025-01-12,190
2918,C02918,2025-02-02,119
2919,C02919,2025-03-02,204
2920,C02920,2025-06-14,117
2921,C02921,2025-05-16,142
2922,C02922,2025-01-13,30
2923,C02923,2025-10-29,200
2924,C02924,2025-05-01,189
2925,C02925,2025-09-29,30
2926,C02926,2025-11-25,107
2927,C02927,2025-02-05,365
2928,C02928,2025-01-05,120
2929,C02929,2025-09-18,141
2930,C02930,2025-06-12,323
2931,C02931,2025-10-17,210
2932,C02932,2025-11-18,164
2933,C02933,2025-07-09,246
2934,C02934,2025-11-07,285
2935,C02935,2025-01-29,129
2936,C02936,2025-09-01,134
2937,C02937,2025-04-15,111
2938,C02938,2025-11-12,365
2939,C02939,2025-01-30,202
2940,C02940,2025-10-26,35
2941,C02941,2025-03-02,284
2942,C02942,2025-06-29,135
2943,C02943,2025-06-07,30
2944,C02944,2025-07-24,154
2945,C02945,2025-01-26,119
2946,C02946,2025-11-05,295
2947,C02947,2025-03-18,67
2948,C02948,2025-09-18,261
2949,C02949,2025-09-27,157
2950,C02950,2025-05-23,30
2951,C02951,2025-06-24,365
2952,C02952,2025-03-21,144
2953,C02953,2025-09-22,88
2954,C02954,2025-09-07,132
2955,C02955,2025-03-16,281
2956,C02956,2025-05-03,91
2957,C02957,2025-07-03,64
2958,C02958,2025-05-07,48
2959,C02959,2025-10-03,90
2960,C02960,2025-03-10,237
2961,C02961,2025-03-16,133
2962,C02962,2025-04-29,72
2963,C02963,2025-02-23,57
2964,C02964,2025-07-20,98
2965,C02965,2025-09-01,358
2966,C02966,2025-08-16,100
2967,C02967,2025-04-06,365
2968,C02968,2025-07-14,137
2969,C02969,2025-02-15,61
2970,C02970,2025-04-10,306
2971,C02971,2025-01-25,130
2972,C02972,2025-06-09,207
2973,C02973,2025-07-15,365
2974,C02974,2025-05-28,30
2975,C02975,2025-10-15,39
2976,C02976,2025-02-04,211
2977,C02977,2025-05-27,86
2978,C02978,2025-07-20,62
2979,C02979,2025-10-21,30
2980,C02980,2025-09-04,30
2981,C02981,2025-02-11,234
2982,C02982,2025-04-02,49
2983,C02983,2025-05-25,132
2984,C02984,2025-01-19,171
2985,C02985,2025-08-19,122
2986,C02986,2025-01-27,30
2987,C02987,2025-04-14,239
2988,C02988,2025-03-13,30
2989,C02989,2025-10-27,229
2990,C02990,2025-02-01,307
2991,C02991,2025-10-23,123
2992,C02992,2025-11-16,150
2993,C02993,2025-03-01,134
2994,C02994,2025-01-30,112
2995,C02995,2025-10-05,303
2996,C02996,2025-06-03,308
2997,C02997,2025-10-23,99
2998,C02998,2025-10-25,174
2999,C02999,2025-05-25,341
